cs,species,extant,community,class
0,craugastor_myllomyllon,0,Assemblage,Amphibians
0,craugastor_chac,1,Assemblage,Amphibians
0,incilius_valliceps,1,Assemblage,Amphibians
0,bolitoglossa_nympha,1,Assemblage,Amphibians
0,hyalinobatrachium_viridissimum,1,Assemblage,Amphibians
0,leptodactylus_fragilis,1,Assemblage,Amphibians
0,bolitoglossa_dofleini,1,Assemblage,Amphibians
0,bolitoglossa_mexicana,1,Assemblage,Amphibians
0,scinax_staufferi,1,Assemblage,Amphibians
0,plectrohyla_quecchi,1,Assemblage,Amphibians
0,lithobates_maculatus,1,Assemblage,Amphibians
0,craugastor_sandersoni,1,Assemblage,Amphibians
0,agalychnis_moreletii,1,Assemblage,Amphibians
0,craugastor_bocourti,1,Assemblage,Amphibians
0,tlalocohyla_loquax,1,Assemblage,Amphibians
0,rhinella_horribilis,1,Assemblage,Amphibians
0,bolitoglossa_odonnelli,1,Assemblage,Amphibians
0,ptychohyla_hypomykter,1,Assemblage,Amphibians
0,trachycephalus_vermiculatus,1,Assemblage,Amphibians
0,bromeliohyla_bromeliacia,1,Assemblage,Amphibians
0,craugastor_rivulus,1,Assemblage,Amphibians
0,plectrohyla_teuchestes,1,Assemblage,Amphibians
0,craugastor_xucanebi,1,Assemblage,Amphibians
0,bolitoglossa_helmrichi,1,Assemblage,Amphibians
1,hypselotriton_wolterstorffi,0,Assemblage,Amphibians
1,kaloula_verrucosa,1,Assemblage,Amphibians
1,odorrana_yunnanensis,1,Assemblage,Amphibians
1,zhangixalus_feae,1,Assemblage,Amphibians
1,microhyla_fissipes,1,Assemblage,Amphibians
1,nanorana_yunnanensis,1,Assemblage,Amphibians
1,kurixalus_verrucosus,1,Assemblage,Amphibians
1,megophrys_minor,1,Assemblage,Amphibians
1,odorrana_grahami,1,Assemblage,Amphibians
1,microhyla_butleri,1,Assemblage,Amphibians
1,bufo_gargarizans,1,Assemblage,Amphibians
1,hypselotriton_yunnanensis,1,Assemblage,Amphibians
1,bombina_maxima,1,Assemblage,Amphibians
1,hyla_annectans,1,Assemblage,Amphibians
1,rana_chaochiaoensis,1,Assemblage,Amphibians
1,glyphoglossus_yunnanensis,1,Assemblage,Amphibians
1,aquarana_catesbeianus,1,Assemblage,Amphibians
1,hoplobatrachus_rugulosus,1,Assemblage,Amphibians
1,hypselotriton_chenggongensis,1,Assemblage,Amphibians
1,megophrys_platyparietus,1,Assemblage,Amphibians
1,duttaphrynus_melanostictus,1,Assemblage,Amphibians
1,hylarana_guentheri,1,Assemblage,Amphibians
1,fejervarya_multistriata,1,Assemblage,Amphibians
1,nidirana_pleuraden,1,Assemblage,Amphibians
2,craugastor_anciano,0,Assemblage,Amphibians
2,smilisca_baudinii,1,Assemblage,Amphibians
2,leptodactylus_fragilis,1,Assemblage,Amphibians
2,leptodactylus_silvanimbus,1,Assemblage,Amphibians
2,plectrohyla_calvata,1,Assemblage,Amphibians
2,bolitoglossa_mexicana,1,Assemblage,Amphibians
2,scinax_staufferi,1,Assemblage,Amphibians
2,lithobates_maculatus,1,Assemblage,Amphibians
2,engystomops_pustulosus,1,Assemblage,Amphibians
2,duellmanohyla_salvadorensis,1,Assemblage,Amphibians
2,rhinella_horribilis,1,Assemblage,Amphibians
2,leptodactylus_melanonotus,1,Assemblage,Amphibians
2,plectrohyla_matudai,1,Assemblage,Amphibians
2,bolitoglossa_conanti,1,Assemblage,Amphibians
2,ptychohyla_hypomykter,1,Assemblage,Amphibians
2,dendropsophus_microcephalus,1,Assemblage,Amphibians
2,hypopachus_barberi,1,Assemblage,Amphibians
2,incilius_porteri,1,Assemblage,Amphibians
2,hypopachus_variolosus,1,Assemblage,Amphibians
3,plethodon_ainsworthi,0,Assemblage,Amphibians
3,pseudacris_fouquettei,1,Assemblage,Amphibians
3,siren_intermedia,1,Assemblage,Amphibians
3,acris_crepitans,1,Assemblage,Amphibians
3,plethodon_glutinosus,1,Assemblage,Amphibians
3,dryophytes_squirellus,1,Assemblage,Amphibians
3,lithobates_sphenocephalus,1,Assemblage,Amphibians
3,dryophytes_femoralis,1,Assemblage,Amphibians
3,desmognathus_conanti,1,Assemblage,Amphibians
3,eurycea_paludicola,1,Assemblage,Amphibians
3,pseudacris_crucifer,1,Assemblage,Amphibians
3,anaxyrus_terrestris,1,Assemblage,Amphibians
3,dryophytes_chrysoscelis,1,Assemblage,Amphibians
3,pseudotriton_ruber,1,Assemblage,Amphibians
3,ambystoma_maculatum,1,Assemblage,Amphibians
3,notophthalmus_viridescens,1,Assemblage,Amphibians
3,ambystoma_opacum,1,Assemblage,Amphibians
3,ambystoma_texanum,1,Assemblage,Amphibians
3,aquarana_clamitans,1,Assemblage,Amphibians
3,eurycea_guttolineata,1,Assemblage,Amphibians
3,necturus_beyeri,1,Assemblage,Amphibians
3,aquarana_catesbeianus,1,Assemblage,Amphibians
3,desmognathus_valentinei,1,Assemblage,Amphibians
3,dryophytes_avivoca,1,Assemblage,Amphibians
3,eurycea_cirrigera,1,Assemblage,Amphibians
3,dryophytes_cinereus,1,Assemblage,Amphibians
3,amphiuma_tridactylum,1,Assemblage,Amphibians
3,ambystoma_talpoideum,1,Assemblage,Amphibians
3,lithobates_palustris,1,Assemblage,Amphibians
3,acris_gryllus,1,Assemblage,Amphibians
3,anaxyrus_fowleri,1,Assemblage,Amphibians
3,scaphiopus_holbrookii,1,Assemblage,Amphibians
3,gastrophryne_carolinensis,1,Assemblage,Amphibians
4,nectophrynoides_asperginis,0,Assemblage,Amphibians
4,ptychadena_porosissima,1,Assemblage,Amphibians
4,mertensophryne_micranotis,1,Assemblage,Amphibians
4,sclerophrys_pusilla,1,Assemblage,Amphibians
4,leptopelis_flavomaculatus,1,Assemblage,Amphibians
4,probreviceps_loveridgei,1,Assemblage,Amphibians
4,leptopelis_bocagii,1,Assemblage,Amphibians
4,ptychadena_nilotica,1,Assemblage,Amphibians
4,phrynobatrachus_acridoides,1,Assemblage,Amphibians
4,hyperolius_glandicolor,1,Assemblage,Amphibians
4,hyperolius_mitchelli,1,Assemblage,Amphibians
4,xenopus_muelleri,1,Assemblage,Amphibians
4,ptychadena_mossambica,1,Assemblage,Amphibians
4,hyperolius_kivuensis,1,Assemblage,Amphibians
4,afrixalus_stuhlmanni,1,Assemblage,Amphibians
4,phrynobatrachus_mababiensis,1,Assemblage,Amphibians
4,spelaeophryne_methneri,1,Assemblage,Amphibians
4,pyxicephalus_edulis,1,Assemblage,Amphibians
4,hyperolius_marginatus,1,Assemblage,Amphibians
4,amietia_nutti,1,Assemblage,Amphibians
4,sclerophrys_gutturalis,1,Assemblage,Amphibians
4,ptychadena_oxyrhynchus,1,Assemblage,Amphibians
4,arthroleptis_stenodactylus,1,Assemblage,Amphibians
4,arthroleptis_xenodactyloides,1,Assemblage,Amphibians
4,kassina_senegalensis,1,Assemblage,Amphibians
4,schismaderma_carens,1,Assemblage,Amphibians
4,ptychadena_taenioscelis,1,Assemblage,Amphibians
4,ptychadena_anchietae,1,Assemblage,Amphibians
4,phrynomantis_bifasciatus,1,Assemblage,Amphibians
4,hyperolius_tuberilinguis,1,Assemblage,Amphibians
4,phrynobatrachus_natalensis,1,Assemblage,Amphibians
4,hyperolius_substriatus,1,Assemblage,Amphibians
4,hylarana_galamensis,1,Assemblage,Amphibians
4,mertensophryne_taitana,1,Assemblage,Amphibians
4,hemisus_marmoratus,1,Assemblage,Amphibians
4,arthroleptis_affinis,1,Assemblage,Amphibians
4,ptychadena_uzungwensis,1,Assemblage,Amphibians
4,chiromantis_xerampelina,1,Assemblage,Amphibians
4,afrixalus_quadrivittatus,1,Assemblage,Amphibians
4,ptychadena_schillukorum,1,Assemblage,Amphibians
4,hildebrandtia_ornata,1,Assemblage,Amphibians
5,boana_cymbalum,0,Assemblage,Amphibians
5,ischnocnema_lactea,1,Assemblage,Amphibians
5,dendropsophus_nanus,1,Assemblage,Amphibians
5,scinax_nasicus,1,Assemblage,Amphibians
5,scinax_hayii,1,Assemblage,Amphibians
5,crossodactylus_gaudichaudii,1,Assemblage,Amphibians
5,ololygon_brieni,1,Assemblage,Amphibians
5,chiasmocleis_leucosticta,1,Assemblage,Amphibians
5,dendrophryniscus_imitator,1,Assemblage,Amphibians
5,chiasmocleis_lacrimae,1,Assemblage,Amphibians
5,ololygon_catharinae,1,Assemblage,Amphibians
5,siphonops_annulatus,1,Assemblage,Amphibians
5,dendropsophus_minutus,1,Assemblage,Amphibians
5,ololygon_hiemalis,1,Assemblage,Amphibians
5,siphonops_paulensis,1,Assemblage,Amphibians
5,leptodactylus_furnarius,1,Assemblage,Amphibians
5,boana_faber,1,Assemblage,Amphibians
5,brachycephalus_hermogenesi,1,Assemblage,Amphibians
5,boana_bischoffi,1,Assemblage,Amphibians
5,cycloramphus_semipalmatus,1,Assemblage,Amphibians
5,bokermannohyla_hylax,1,Assemblage,Amphibians
5,thoropa_miliaris,1,Assemblage,Amphibians
5,cycloramphus_acangatan,1,Assemblage,Amphibians
5,vitreorana_uranoscopa,1,Assemblage,Amphibians
5,cycloramphus_dubius,1,Assemblage,Amphibians
5,chthonerpeton_viviparum,1,Assemblage,Amphibians
5,brachycephalus_ephippium,1,Assemblage,Amphibians
5,gastrotheca_microdiscus,1,Assemblage,Amphibians
5,physalaemus_moreirae,1,Assemblage,Amphibians
5,leptodactylus_luctator,1,Assemblage,Amphibians
5,odontophrynus_americanus,1,Assemblage,Amphibians
5,boana_prasina,1,Assemblage,Amphibians
5,phyllomedusa_burmeisteri,1,Assemblage,Amphibians
5,scinax_crospedospilus,1,Assemblage,Amphibians
5,scinax_x-signatus,1,Assemblage,Amphibians
5,haddadus_binotatus,1,Assemblage,Amphibians
5,adenomera_thomei,1,Assemblage,Amphibians
5,adenomera_ajurauna,1,Assemblage,Amphibians
5,dendropsophus_elegans,1,Assemblage,Amphibians
5,leptodactylus_fuscus,1,Assemblage,Amphibians
5,fritziana_ohausi,1,Assemblage,Amphibians
5,arcovomer_passarellii,1,Assemblage,Amphibians
5,aplastodiscus_perviridis,1,Assemblage,Amphibians
5,ololygon_littoralis,1,Assemblage,Amphibians
5,cycloramphus_eleutherodactylus,1,Assemblage,Amphibians
5,vitreorana_eurygnatha,1,Assemblage,Amphibians
5,adenomera_marmorata,1,Assemblage,Amphibians
5,ischnocnema_gehrti,1,Assemblage,Amphibians
5,ischnocnema_henselii,1,Assemblage,Amphibians
5,rhinella_icterica,1,Assemblage,Amphibians
5,ischnocnema_guentheri,1,Assemblage,Amphibians
5,siphonops_hardyi,1,Assemblage,Amphibians
5,ischnocnema_parva,1,Assemblage,Amphibians
5,scinax_fuscomarginatus,1,Assemblage,Amphibians
5,dendropsophus_seniculus,1,Assemblage,Amphibians
5,macrogenioglottus_alipioi,1,Assemblage,Amphibians
5,ololygon_obtriangulata,1,Assemblage,Amphibians
5,proceratophrys_melanopogon,1,Assemblage,Amphibians
5,rhinella_crucifer,1,Assemblage,Amphibians
5,ololygon_berthae,1,Assemblage,Amphibians
5,crossodactylus_boulengeri,1,Assemblage,Amphibians
5,sphaenorhynchus_platycephalus,1,Assemblage,Amphibians
5,boana_raniceps,1,Assemblage,Amphibians
5,luetkenotyphlus_brasiliensis,1,Assemblage,Amphibians
5,proceratophrys_pombali,1,Assemblage,Amphibians
5,dendropsophus_microps,1,Assemblage,Amphibians
5,myersiella_microps,1,Assemblage,Amphibians
5,boana_albopunctata,1,Assemblage,Amphibians
5,aplastodiscus_arildae,1,Assemblage,Amphibians
5,phasmahyla_cochranae,1,Assemblage,Amphibians
5,hylodes_caete,1,Assemblage,Amphibians
5,boana_pardalis,1,Assemblage,Amphibians
5,ischnocnema_hoehnei,1,Assemblage,Amphibians
5,aplastodiscus_leucopygius,1,Assemblage,Amphibians
5,dendropsophus_decipiens,1,Assemblage,Amphibians
5,brachycephalus_nodoterga,1,Assemblage,Amphibians
5,leptodactylus_paranaru,1,Assemblage,Amphibians
5,thoropa_petropolitana,1,Assemblage,Amphibians
5,phrynomedusa_dryade,1,Assemblage,Amphibians
5,trachycephalus_mesophaeus,1,Assemblage,Amphibians
5,leptodactylus_flavopictus,1,Assemblage,Amphibians
5,ololygon_flavoguttata,1,Assemblage,Amphibians
5,proceratophrys_boiei,1,Assemblage,Amphibians
5,ololygon_rizibilis,1,Assemblage,Amphibians
5,leptodactylus_jolyi,1,Assemblage,Amphibians
5,dendropsophus_giesleri,1,Assemblage,Amphibians
5,scinax_fuscovarius,1,Assemblage,Amphibians
5,bokermannohyla_luctuosa,1,Assemblage,Amphibians
5,boana_polytaenia,1,Assemblage,Amphibians
5,ceratophrys_aurita,1,Assemblage,Amphibians
5,gastrotheca_fulvorufa,1,Assemblage,Amphibians
5,ischnocnema_nigriventris,1,Assemblage,Amphibians
5,ololygon_argyreornata,1,Assemblage,Amphibians
5,phantasmarana_massarti,1,Assemblage,Amphibians
5,bokermannohyla_astartea,1,Assemblage,Amphibians
5,ololygon_humilis,1,Assemblage,Amphibians
5,trachycephalus_imitatrix,1,Assemblage,Amphibians
5,ololygon_trapicheiroi,1,Assemblage,Amphibians
5,leptodactylus_gracilis,1,Assemblage,Amphibians
5,pithecopus_rohdei,1,Assemblage,Amphibians
5,aplastodiscus_albosignatus,1,Assemblage,Amphibians
5,boana_albomarginata,1,Assemblage,Amphibians
5,bokermannohyla_circumdata,1,Assemblage,Amphibians
5,phrynomedusa_appendiculata,1,Assemblage,Amphibians
5,physalaemus_olfersii,1,Assemblage,Amphibians
5,itapotihyla_langsdorffii,1,Assemblage,Amphibians
5,dendropsophus_werneri,1,Assemblage,Amphibians
5,hylodes_phyllodes,1,Assemblage,Amphibians
5,boana_semilineata,1,Assemblage,Amphibians
5,scinax_granulatus,1,Assemblage,Amphibians
5,scinax_tymbamirim,1,Assemblage,Amphibians
5,hylodes_asper,1,Assemblage,Amphibians
5,leptodactylus_podicipinus,1,Assemblage,Amphibians
5,physalaemus_cuvieri,1,Assemblage,Amphibians
5,ischnocnema_spanios,1,Assemblage,Amphibians
5,dendropsophus_jimi,1,Assemblage,Amphibians
5,paratelmatobius_cardosoi,1,Assemblage,Amphibians
5,elachistocleis_cesarii,1,Assemblage,Amphibians
5,dendropsophus_berthalutzae,1,Assemblage,Amphibians
5,rhinella_ornata,1,Assemblage,Amphibians
5,ololygon_perpusilla,1,Assemblage,Amphibians
5,hylodes_nasus,1,Assemblage,Amphibians
5,thoropa_taophora,1,Assemblage,Amphibians
5,pseudopaludicola_saltica,1,Assemblage,Amphibians
5,eleutherodactylus_johnstonei,1,Assemblage,Amphibians
5,dendrophryniscus_leucomystax,1,Assemblage,Amphibians
5,rhinella_diptycha,1,Assemblage,Amphibians
5,scinax_squalirostris,1,Assemblage,Amphibians
5,fritziana_mitus,1,Assemblage,Amphibians
5,dendrophryniscus_berthalutzae,1,Assemblage,Amphibians
5,rhinella_hoogmoedi,1,Assemblage,Amphibians
5,leptodactylus_mystacinus,1,Assemblage,Amphibians
5,physalaemus_atlanticus,1,Assemblage,Amphibians
5,physalaemus_bokermanni,1,Assemblage,Amphibians
5,physalaemus_maculiventris,1,Assemblage,Amphibians
6,craugastor_omoaensis,0,Assemblage,Amphibians
6,craugastor_chac,1,Assemblage,Amphibians
6,incilius_valliceps,1,Assemblage,Amphibians
6,bolitoglossa_nympha,1,Assemblage,Amphibians
6,hyalinobatrachium_viridissimum,1,Assemblage,Amphibians
6,bolitoglossa_dunni,1,Assemblage,Amphibians
6,smilisca_baudinii,1,Assemblage,Amphibians
6,leptodactylus_fragilis,1,Assemblage,Amphibians
6,bolitoglossa_dofleini,1,Assemblage,Amphibians
6,bolitoglossa_mexicana,1,Assemblage,Amphibians
6,scinax_staufferi,1,Assemblage,Amphibians
6,cryptotriton_nasalis,1,Assemblage,Amphibians
6,craugastor_laticeps,1,Assemblage,Amphibians
6,lithobates_maculatus,1,Assemblage,Amphibians
6,engystomops_pustulosus,1,Assemblage,Amphibians
6,lithobates_brownorum,1,Assemblage,Amphibians
6,agalychnis_callidryas,1,Assemblage,Amphibians
6,duellmanohyla_soralia,1,Assemblage,Amphibians
6,leptodactylus_melanonotus,1,Assemblage,Amphibians
6,craugastor_laevissimus,1,Assemblage,Amphibians
6,tlalocohyla_loquax,1,Assemblage,Amphibians
6,rhinella_horribilis,1,Assemblage,Amphibians
6,rhinophrynus_dorsalis,1,Assemblage,Amphibians
6,dermophis_mexicanus,1,Assemblage,Amphibians
6,bolitoglossa_conanti,1,Assemblage,Amphibians
6,ptychohyla_hypomykter,1,Assemblage,Amphibians
6,craugastor_charadra,1,Assemblage,Amphibians
6,trachycephalus_vermiculatus,1,Assemblage,Amphibians
6,bromeliohyla_bromeliacia,1,Assemblage,Amphibians
6,craugastor_rostralis,1,Assemblage,Amphibians
6,dendropsophus_microcephalus,1,Assemblage,Amphibians
6,bromeliohyla_melacaena,1,Assemblage,Amphibians
6,bolitoglossa_diaphora,1,Assemblage,Amphibians
6,hypopachus_variolosus,1,Assemblage,Amphibians
6,incilius_campbelli,1,Assemblage,Amphibians
6,lithobates_vaillanti,1,Assemblage,Amphibians
6,gymnopis_multiplicata,1,Assemblage,Amphibians
7,rheobatrachus_silus,0,Assemblage,Amphibians
7,litoria_brevipalmata,1,Assemblage,Amphibians
7,litoria_balatus,1,Assemblage,Amphibians
7,crinia_parinsignifera,1,Assemblage,Amphibians
7,cyclorana_brevipes,1,Assemblage,Amphibians
7,litoria_nasuta,1,Assemblage,Amphibians
7,mixophyes_fasciolatus,1,Assemblage,Amphibians
7,limnodynastes_salmini,1,Assemblage,Amphibians
7,litoria_fallax,1,Assemblage,Amphibians
7,uperoleia_laevigata,1,Assemblage,Amphibians
7,litoria_tyleri,1,Assemblage,Amphibians
7,uperoleia_rugosa,1,Assemblage,Amphibians
7,mixophyes_fleayi,1,Assemblage,Amphibians
7,litoria_latopalmata,1,Assemblage,Amphibians
7,limnodynastes_tasmaniensis,1,Assemblage,Amphibians
7,litoria_verreauxii,1,Assemblage,Amphibians
7,litoria_pearsoniana,1,Assemblage,Amphibians
7,crinia_tinnula,1,Assemblage,Amphibians
7,assa_darlingtoni,1,Assemblage,Amphibians
7,mixophyes_iteratus,1,Assemblage,Amphibians
7,litoria_wilcoxii,1,Assemblage,Amphibians
7,pseudophryne_major,1,Assemblage,Amphibians
7,rhinella_marina,1,Assemblage,Amphibians
7,platyplectrum_ornatum,1,Assemblage,Amphibians
7,crinia_signifera,1,Assemblage,Amphibians
7,litoria_peronii,1,Assemblage,Amphibians
7,limnodynastes_dumerilii,1,Assemblage,Amphibians
7,limnodynastes_peronii,1,Assemblage,Amphibians
7,cyclorana_alboguttata,1,Assemblage,Amphibians
7,litoria_freycineti,1,Assemblage,Amphibians
7,uperoleia_fusca,1,Assemblage,Amphibians
7,litoria_gracilenta,1,Assemblage,Amphibians
7,litoria_chloris,1,Assemblage,Amphibians
7,limnodynastes_terraereginae,1,Assemblage,Amphibians
7,litoria_rubella,1,Assemblage,Amphibians
7,adelotus_brevis,1,Assemblage,Amphibians
7,litoria_rothii,1,Assemblage,Amphibians
7,pseudophryne_raveni,1,Assemblage,Amphibians
7,litoria_caerulea,1,Assemblage,Amphibians
8,oophaga_speciosa,0,Assemblage,Amphibians
8,pristimantis_altae,1,Assemblage,Amphibians
8,boana_rufitela,1,Assemblage,Amphibians
8,pristimantis_gaigei,1,Assemblage,Amphibians
8,isthmohyla_zeteki,1,Assemblage,Amphibians
8,rhaebo_haematiticus,1,Assemblage,Amphibians
8,hyalinobatrachium_tatayoi,1,Assemblage,Amphibians
8,bolitoglossa_schizodactyla,1,Assemblage,Amphibians
8,incilius_coniferus,1,Assemblage,Amphibians
8,smilisca_sila,1,Assemblage,Amphibians
8,bolitoglossa_robusta,1,Assemblage,Amphibians
8,allobates_talamancae,1,Assemblage,Amphibians
8,phyllobates_lugubris,1,Assemblage,Amphibians
8,dendrobates_auratus,1,Assemblage,Amphibians
8,gastrotheca_cornuta,1,Assemblage,Amphibians
8,craugastor_monnichorum,1,Assemblage,Amphibians
8,craugastor_obesus,1,Assemblage,Amphibians
8,diasporus_diastema,1,Assemblage,Amphibians
8,oophaga_pumilio,1,Assemblage,Amphibians
8,isthmohyla_picadoi,1,Assemblage,Amphibians
8,pristimantis_pardalis,1,Assemblage,Amphibians
8,ecnomiohyla_miliaria,1,Assemblage,Amphibians
8,lithobates_pipiens,1,Assemblage,Amphibians
8,cochranella_euknemos,1,Assemblage,Amphibians
8,ctenophryne_aterrima,1,Assemblage,Amphibians
8,hyloscirtus_colymba,1,Assemblage,Amphibians
8,dendropsophus_phlebodes,1,Assemblage,Amphibians
8,sachatamia_albomaculata,1,Assemblage,Amphibians
8,oedipina_cyclocauda,1,Assemblage,Amphibians
8,bolitoglossa_colonnea,1,Assemblage,Amphibians
8,craugastor_megacephalus,1,Assemblage,Amphibians
8,scinax_elaeochroa,1,Assemblage,Amphibians
8,craugastor_crassidigitus,1,Assemblage,Amphibians
8,caecilia_volcani,1,Assemblage,Amphibians
8,pristimantis_caryophyllaceus,1,Assemblage,Amphibians
8,cochranella_granulosa,1,Assemblage,Amphibians
8,cruziohyla_calcarifer,1,Assemblage,Amphibians
8,craugastor_gulosus,1,Assemblage,Amphibians
8,agalychnis_spurrelli,1,Assemblage,Amphibians
8,leptodactylus_insularum,1,Assemblage,Amphibians
8,triprion_spinosus,1,Assemblage,Amphibians
8,craugastor_fitzingeri,1,Assemblage,Amphibians
8,craugastor_blairi,1,Assemblage,Amphibians
8,hyalinobatrachium_valerioi,1,Assemblage,Amphibians
8,pristimantis_museosus,1,Assemblage,Amphibians
8,sachatamia_ilex,1,Assemblage,Amphibians
8,oedipina_gracilis,1,Assemblage,Amphibians
8,oedipina_fortunensis,1,Assemblage,Amphibians
8,bolitoglossa_biseriata,1,Assemblage,Amphibians
8,pristimantis_cruentus,1,Assemblage,Amphibians
8,craugastor_punctariolus,1,Assemblage,Amphibians
8,diasporus_citrinobapheus,1,Assemblage,Amphibians
8,teratohyla_spinosa,1,Assemblage,Amphibians
8,craugastor_melanostictus,1,Assemblage,Amphibians
8,rhinella_horribilis,1,Assemblage,Amphibians
8,duellmanohyla_uranochroa,1,Assemblage,Amphibians
8,strabomantis_bufoniformis,1,Assemblage,Amphibians
8,pristimantis_cerasinus,1,Assemblage,Amphibians
8,bolitoglossa_jugivagans,1,Assemblage,Amphibians
8,pristimantis_ridens,1,Assemblage,Amphibians
8,hyalinobatrachium_colymbiphyllum,1,Assemblage,Amphibians
8,colostethus_pratti,1,Assemblage,Amphibians
8,teratohyla_pulverata,1,Assemblage,Amphibians
8,atelopus_varius,1,Assemblage,Amphibians
8,isthmohyla_tica,1,Assemblage,Amphibians
8,oedipina_collaris,1,Assemblage,Amphibians
8,dermophis_glandulosus,1,Assemblage,Amphibians
8,dermophis_parviceps,1,Assemblage,Amphibians
8,bolitoglossa_anthracina,1,Assemblage,Amphibians
8,isthmohyla_lancasteri,1,Assemblage,Amphibians
8,silverstoneia_flotator,1,Assemblage,Amphibians
8,cruziohyla_sylviae,1,Assemblage,Amphibians
8,silverstoneia_nubicola,1,Assemblage,Amphibians
8,isthmohyla_debilis,1,Assemblage,Amphibians
8,isthmohyla_rivularis,1,Assemblage,Amphibians
8,hyalinobatrachium_vireovittatum,1,Assemblage,Amphibians
8,diasporus_vocator,1,Assemblage,Amphibians
8,isthmohyla_graceae,1,Assemblage,Amphibians
8,leptodactylus_melanonotus,1,Assemblage,Amphibians
8,craugastor_ranoides,1,Assemblage,Amphibians
8,espadarana_prosoblepon,1,Assemblage,Amphibians
8,leptodactylus_savagei,1,Assemblage,Amphibians
8,smilisca_phaeota,1,Assemblage,Amphibians
8,dermophis_gracilior,1,Assemblage,Amphibians
8,agalychnis_lemur,1,Assemblage,Amphibians
8,scinax_boulengeri,1,Assemblage,Amphibians
8,craugastor_gollmeri,1,Assemblage,Amphibians
8,lithobates_warszewitschii,1,Assemblage,Amphibians
8,craugastor_emcelae,1,Assemblage,Amphibians
8,craugastor_talamancae,1,Assemblage,Amphibians
9,phrynomedusa_fimbriata,0,Assemblage,Amphibians
9,ischnocnema_lactea,1,Assemblage,Amphibians
9,dendropsophus_nanus,1,Assemblage,Amphibians
9,leptodactylus_notoaktites,1,Assemblage,Amphibians
9,scinax_nasicus,1,Assemblage,Amphibians
9,scinax_hayii,1,Assemblage,Amphibians
9,crossodactylus_gaudichaudii,1,Assemblage,Amphibians
9,ololygon_brieni,1,Assemblage,Amphibians
9,chiasmocleis_leucosticta,1,Assemblage,Amphibians
9,dendrophryniscus_imitator,1,Assemblage,Amphibians
9,chiasmocleis_lacrimae,1,Assemblage,Amphibians
9,ololygon_catharinae,1,Assemblage,Amphibians
9,nyctimantis_bokermanni,1,Assemblage,Amphibians
9,siphonops_annulatus,1,Assemblage,Amphibians
9,dendropsophus_minutus,1,Assemblage,Amphibians
9,crossodactylus_caramaschii,1,Assemblage,Amphibians
9,siphonops_paulensis,1,Assemblage,Amphibians
9,leptodactylus_furnarius,1,Assemblage,Amphibians
9,boana_faber,1,Assemblage,Amphibians
9,brachycephalus_hermogenesi,1,Assemblage,Amphibians
9,boana_bischoffi,1,Assemblage,Amphibians
9,cycloramphus_semipalmatus,1,Assemblage,Amphibians
9,adenomera_bokermanni,1,Assemblage,Amphibians
9,bokermannohyla_hylax,1,Assemblage,Amphibians
9,scinax_perereca,1,Assemblage,Amphibians
9,thoropa_miliaris,1,Assemblage,Amphibians
9,cycloramphus_acangatan,1,Assemblage,Amphibians
9,vitreorana_uranoscopa,1,Assemblage,Amphibians
9,cycloramphus_dubius,1,Assemblage,Amphibians
9,cycloramphus_mirandaribeiroi,1,Assemblage,Amphibians
9,chthonerpeton_viviparum,1,Assemblage,Amphibians
9,hylodes_heyeri,1,Assemblage,Amphibians
9,brachycephalus_ephippium,1,Assemblage,Amphibians
9,gastrotheca_microdiscus,1,Assemblage,Amphibians
9,physalaemus_moreirae,1,Assemblage,Amphibians
9,leptodactylus_luctator,1,Assemblage,Amphibians
9,scinax_imbegue,1,Assemblage,Amphibians
9,odontophrynus_americanus,1,Assemblage,Amphibians
9,boana_prasina,1,Assemblage,Amphibians
9,phyllomedusa_burmeisteri,1,Assemblage,Amphibians
9,scinax_crospedospilus,1,Assemblage,Amphibians
9,scinax_x-signatus,1,Assemblage,Amphibians
9,haddadus_binotatus,1,Assemblage,Amphibians
9,cycloramphus_bolitoglossus,1,Assemblage,Amphibians
9,adenomera_ajurauna,1,Assemblage,Amphibians
9,paratelmatobius_poecilogaster,1,Assemblage,Amphibians
9,dendropsophus_elegans,1,Assemblage,Amphibians
9,leptodactylus_fuscus,1,Assemblage,Amphibians
9,fritziana_ohausi,1,Assemblage,Amphibians
9,arcovomer_passarellii,1,Assemblage,Amphibians
9,aplastodiscus_perviridis,1,Assemblage,Amphibians
9,ololygon_littoralis,1,Assemblage,Amphibians
9,cycloramphus_eleutherodactylus,1,Assemblage,Amphibians
9,vitreorana_eurygnatha,1,Assemblage,Amphibians
9,aplastodiscus_ehrhardti,1,Assemblage,Amphibians
9,adenomera_marmorata,1,Assemblage,Amphibians
9,sphaenorhynchus_caramaschii,1,Assemblage,Amphibians
9,ischnocnema_gehrti,1,Assemblage,Amphibians
9,ischnocnema_henselii,1,Assemblage,Amphibians
9,phyllomedusa_distincta,1,Assemblage,Amphibians
9,ischnocnema_guentheri,1,Assemblage,Amphibians
9,rhinella_icterica,1,Assemblage,Amphibians
9,siphonops_hardyi,1,Assemblage,Amphibians
9,ischnocnema_parva,1,Assemblage,Amphibians
9,scinax_fuscomarginatus,1,Assemblage,Amphibians
9,dendropsophus_seniculus,1,Assemblage,Amphibians
9,macrogenioglottus_alipioi,1,Assemblage,Amphibians
9,adenomera_nana,1,Assemblage,Amphibians
9,ololygon_obtriangulata,1,Assemblage,Amphibians
9,proceratophrys_melanopogon,1,Assemblage,Amphibians
9,rhinella_crucifer,1,Assemblage,Amphibians
9,ololygon_berthae,1,Assemblage,Amphibians
9,crossodactylus_boulengeri,1,Assemblage,Amphibians
9,sphaenorhynchus_platycephalus,1,Assemblage,Amphibians
9,boana_raniceps,1,Assemblage,Amphibians
9,luetkenotyphlus_brasiliensis,1,Assemblage,Amphibians
9,proceratophrys_pombali,1,Assemblage,Amphibians
9,dendropsophus_microps,1,Assemblage,Amphibians
9,myersiella_microps,1,Assemblage,Amphibians
9,brachycephalus_sulfuratus,1,Assemblage,Amphibians
9,aplastodiscus_arildae,1,Assemblage,Amphibians
9,phasmahyla_cochranae,1,Assemblage,Amphibians
9,hylodes_caete,1,Assemblage,Amphibians
9,trachycephalus_dibernardoi,1,Assemblage,Amphibians
9,boana_pardalis,1,Assemblage,Amphibians
9,ischnocnema_hoehnei,1,Assemblage,Amphibians
9,aplastodiscus_leucopygius,1,Assemblage,Amphibians
9,dendropsophus_decipiens,1,Assemblage,Amphibians
9,brachycephalus_nodoterga,1,Assemblage,Amphibians
9,leptodactylus_paranaru,1,Assemblage,Amphibians
9,phrynomedusa_dryade,1,Assemblage,Amphibians
9,trachycephalus_mesophaeus,1,Assemblage,Amphibians
9,leptodactylus_flavopictus,1,Assemblage,Amphibians
9,dendropsophus_nahdereri,1,Assemblage,Amphibians
9,ololygon_flavoguttata,1,Assemblage,Amphibians
9,proceratophrys_boiei,1,Assemblage,Amphibians
9,ololygon_rizibilis,1,Assemblage,Amphibians
9,cycloramphus_lutzorum,1,Assemblage,Amphibians
9,leptodactylus_jolyi,1,Assemblage,Amphibians
9,dendropsophus_giesleri,1,Assemblage,Amphibians
9,holoaden_suarezi,1,Assemblage,Amphibians
9,scinax_fuscovarius,1,Assemblage,Amphibians
9,elachistocleis_bicolor,1,Assemblage,Amphibians
9,boana_polytaenia,1,Assemblage,Amphibians
9,sphaenorhynchus_surdus,1,Assemblage,Amphibians
9,ceratophrys_aurita,1,Assemblage,Amphibians
9,gastrotheca_fulvorufa,1,Assemblage,Amphibians
9,ischnocnema_nigriventris,1,Assemblage,Amphibians
9,ololygon_argyreornata,1,Assemblage,Amphibians
9,phantasmarana_massarti,1,Assemblage,Amphibians
9,bokermannohyla_astartea,1,Assemblage,Amphibians
9,ololygon_humilis,1,Assemblage,Amphibians
9,trachycephalus_imitatrix,1,Assemblage,Amphibians
9,ololygon_trapicheiroi,1,Assemblage,Amphibians
9,pithecopus_rohdei,1,Assemblage,Amphibians
9,leptodactylus_gracilis,1,Assemblage,Amphibians
9,aplastodiscus_albosignatus,1,Assemblage,Amphibians
9,boana_albomarginata,1,Assemblage,Amphibians
9,bokermannohyla_circumdata,1,Assemblage,Amphibians
9,phrynomedusa_appendiculata,1,Assemblage,Amphibians
9,physalaemus_olfersii,1,Assemblage,Amphibians
9,itapotihyla_langsdorffii,1,Assemblage,Amphibians
9,dendropsophus_werneri,1,Assemblage,Amphibians
9,hylodes_phyllodes,1,Assemblage,Amphibians
9,boana_semilineata,1,Assemblage,Amphibians
9,scinax_granulatus,1,Assemblage,Amphibians
9,scinax_tymbamirim,1,Assemblage,Amphibians
9,hylodes_asper,1,Assemblage,Amphibians
9,leptodactylus_podicipinus,1,Assemblage,Amphibians
9,physalaemus_lateristriga,1,Assemblage,Amphibians
9,physalaemus_cuvieri,1,Assemblage,Amphibians
9,ischnocnema_sambaqui,1,Assemblage,Amphibians
9,ischnocnema_spanios,1,Assemblage,Amphibians
9,paratelmatobius_cardosoi,1,Assemblage,Amphibians
9,elachistocleis_cesarii,1,Assemblage,Amphibians
9,physalaemus_nanus,1,Assemblage,Amphibians
9,dendropsophus_berthalutzae,1,Assemblage,Amphibians
9,rhinella_ornata,1,Assemblage,Amphibians
9,rhinella_henseli,1,Assemblage,Amphibians
9,ololygon_perpusilla,1,Assemblage,Amphibians
9,physalaemus_insperatus,1,Assemblage,Amphibians
9,thoropa_taophora,1,Assemblage,Amphibians
9,scythrophrys_sawayae,1,Assemblage,Amphibians
9,dendrophryniscus_leucomystax,1,Assemblage,Amphibians
9,rhinella_diptycha,1,Assemblage,Amphibians
9,scinax_squalirostris,1,Assemblage,Amphibians
9,fritziana_mitus,1,Assemblage,Amphibians
9,dendrophryniscus_berthalutzae,1,Assemblage,Amphibians
9,rhinella_hoogmoedi,1,Assemblage,Amphibians
9,leptodactylus_mystacinus,1,Assemblage,Amphibians
9,physalaemus_atlanticus,1,Assemblage,Amphibians
9,physalaemus_bokermanni,1,Assemblage,Amphibians
9,proceratophrys_subguttata,1,Assemblage,Amphibians
9,physalaemus_maculiventris,1,Assemblage,Amphibians
10,rheobatrachus_vitellinus,0,Assemblage,Amphibians
10,crinia_deserticola,1,Assemblage,Amphibians
10,cyclorana_brevipes,1,Assemblage,Amphibians
10,taudactylus_liemi,1,Assemblage,Amphibians
10,litoria_nasuta,1,Assemblage,Amphibians
10,mixophyes_fasciolatus,1,Assemblage,Amphibians
10,litoria_fallax,1,Assemblage,Amphibians
10,litoria_latopalmata,1,Assemblage,Amphibians
10,limnodynastes_tasmaniensis,1,Assemblage,Amphibians
10,limnodynastes_convexiusculus,1,Assemblage,Amphibians
10,litoria_wilcoxii,1,Assemblage,Amphibians
10,pseudophryne_major,1,Assemblage,Amphibians
10,rhinella_marina,1,Assemblage,Amphibians
10,platyplectrum_ornatum,1,Assemblage,Amphibians
10,litoria_inermis,1,Assemblage,Amphibians
10,limnodynastes_peronii,1,Assemblage,Amphibians
10,litoria_revelata,1,Assemblage,Amphibians
10,cyclorana_alboguttata,1,Assemblage,Amphibians
10,litoria_pallida,1,Assemblage,Amphibians
10,uperoleia_fusca,1,Assemblage,Amphibians
10,litoria_gracilenta,1,Assemblage,Amphibians
10,litoria_chloris,1,Assemblage,Amphibians
10,limnodynastes_terraereginae,1,Assemblage,Amphibians
10,cyclorana_novaehollandiae,1,Assemblage,Amphibians
10,litoria_rubella,1,Assemblage,Amphibians
10,litoria_jungguy,1,Assemblage,Amphibians
10,taudactylus_eungellensis,1,Assemblage,Amphibians
10,litoria_rothii,1,Assemblage,Amphibians
10,adelotus_brevis,1,Assemblage,Amphibians
10,pseudophryne_raveni,1,Assemblage,Amphibians
10,litoria_caerulea,1,Assemblage,Amphibians
11,lithobates_fisheri,0,Assemblage,Amphibians
11,anaxyrus_microscaphus,1,Assemblage,Amphibians
11,anaxyrus_woodhousii,1,Assemblage,Amphibians
11,spea_intermontana,1,Assemblage,Amphibians
11,anaxyrus_cognatus,1,Assemblage,Amphibians
11,aquarana_catesbeianus,1,Assemblage,Amphibians
11,pseudacris_hypochondriaca,1,Assemblage,Amphibians
11,anaxyrus_punctatus,1,Assemblage,Amphibians
12,anaxyrus_baxteri,0,Assemblage,Amphibians
12,ambystoma_mavortium,1,Assemblage,Amphibians
12,anaxyrus_boreas,1,Assemblage,Amphibians
12,anaxyrus_woodhousii,1,Assemblage,Amphibians
12,ambystoma_tigrinum,1,Assemblage,Amphibians
12,pseudacris_maculata,1,Assemblage,Amphibians
12,spea_intermontana,1,Assemblage,Amphibians
12,anaxyrus_cognatus,1,Assemblage,Amphibians
12,aquarana_catesbeianus,1,Assemblage,Amphibians
12,spea_bombifrons,1,Assemblage,Amphibians
12,lithobates_pipiens,1,Assemblage,Amphibians
12,lithobates_sylvaticus,1,Assemblage,Amphibians
13,taudactylus_diurnus,0,Assemblage,Amphibians
13,litoria_brevipalmata,1,Assemblage,Amphibians
13,litoria_balatus,1,Assemblage,Amphibians
13,crinia_parinsignifera,1,Assemblage,Amphibians
13,cyclorana_brevipes,1,Assemblage,Amphibians
13,litoria_nasuta,1,Assemblage,Amphibians
13,mixophyes_fasciolatus,1,Assemblage,Amphibians
13,limnodynastes_salmini,1,Assemblage,Amphibians
13,litoria_fallax,1,Assemblage,Amphibians
13,uperoleia_laevigata,1,Assemblage,Amphibians
13,litoria_tyleri,1,Assemblage,Amphibians
13,uperoleia_rugosa,1,Assemblage,Amphibians
13,mixophyes_fleayi,1,Assemblage,Amphibians
13,litoria_latopalmata,1,Assemblage,Amphibians
13,limnodynastes_tasmaniensis,1,Assemblage,Amphibians
13,litoria_verreauxii,1,Assemblage,Amphibians
13,litoria_pearsoniana,1,Assemblage,Amphibians
13,crinia_tinnula,1,Assemblage,Amphibians
13,assa_darlingtoni,1,Assemblage,Amphibians
13,mixophyes_iteratus,1,Assemblage,Amphibians
13,litoria_wilcoxii,1,Assemblage,Amphibians
13,pseudophryne_major,1,Assemblage,Amphibians
13,rhinella_marina,1,Assemblage,Amphibians
13,platyplectrum_ornatum,1,Assemblage,Amphibians
13,crinia_signifera,1,Assemblage,Amphibians
13,litoria_peronii,1,Assemblage,Amphibians
13,limnodynastes_dumerilii,1,Assemblage,Amphibians
13,limnodynastes_peronii,1,Assemblage,Amphibians
13,cyclorana_alboguttata,1,Assemblage,Amphibians
13,litoria_freycineti,1,Assemblage,Amphibians
13,uperoleia_fusca,1,Assemblage,Amphibians
13,litoria_gracilenta,1,Assemblage,Amphibians
13,litoria_chloris,1,Assemblage,Amphibians
13,limnodynastes_terraereginae,1,Assemblage,Amphibians
13,litoria_rubella,1,Assemblage,Amphibians
13,adelotus_brevis,1,Assemblage,Amphibians
13,litoria_rothii,1,Assemblage,Amphibians
13,pseudophryne_raveni,1,Assemblage,Amphibians
13,limnodynastes_fletcheri,1,Assemblage,Amphibians
13,litoria_caerulea,1,Assemblage,Amphibians
14,incilius_periglenes,0,Assemblage,Amphibians
14,pristimantis_altae,1,Assemblage,Amphibians
14,isthmohyla_pseudopuma,1,Assemblage,Amphibians
14,lithobates_forreri,1,Assemblage,Amphibians
14,sachatamia_albomaculata,1,Assemblage,Amphibians
14,duellmanohyla_rufioculis,1,Assemblage,Amphibians
14,smilisca_baudinii,1,Assemblage,Amphibians
14,leptodactylus_fragilis,1,Assemblage,Amphibians
14,pristimantis_cruentus,1,Assemblage,Amphibians
14,isthmohyla_zeteki,1,Assemblage,Amphibians
14,incilius_coccifer,1,Assemblage,Amphibians
14,rhaebo_haematiticus,1,Assemblage,Amphibians
14,scinax_staufferi,1,Assemblage,Amphibians
14,craugastor_bransfordii,1,Assemblage,Amphibians
14,oedipina_poelzi,1,Assemblage,Amphibians
14,craugastor_megacephalus,1,Assemblage,Amphibians
14,isthmohyla_angustilineata,1,Assemblage,Amphibians
14,agalychnis_annae,1,Assemblage,Amphibians
14,isthmohyla_rivularis,1,Assemblage,Amphibians
14,engystomops_pustulosus,1,Assemblage,Amphibians
14,craugastor_crassidigitus,1,Assemblage,Amphibians
14,smilisca_sordida,1,Assemblage,Amphibians
14,craugastor_cuaquero,1,Assemblage,Amphibians
14,craugastor_stejnegerianus,1,Assemblage,Amphibians
14,leptodactylus_poecilochilus,1,Assemblage,Amphibians
14,agalychnis_callidryas,1,Assemblage,Amphibians
14,diasporus_hylaeformis,1,Assemblage,Amphibians
14,dermophis_costaricense,1,Assemblage,Amphibians
14,incilius_coniferus,1,Assemblage,Amphibians
14,hyalinobatrachium_vireovittatum,1,Assemblage,Amphibians
14,craugastor_persimilis,1,Assemblage,Amphibians
14,dendropsophus_ebraccatus,1,Assemblage,Amphibians
14,nototriton_gamezi,1,Assemblage,Amphibians
14,rhinella_horribilis,1,Assemblage,Amphibians
14,bolitoglossa_robusta,1,Assemblage,Amphibians
14,pristimantis_caryophyllaceus,1,Assemblage,Amphibians
14,craugastor_melanostictus,1,Assemblage,Amphibians
14,cochranella_granulosa,1,Assemblage,Amphibians
14,craugastor_angelicus,1,Assemblage,Amphibians
14,espadarana_prosoblepon,1,Assemblage,Amphibians
14,rhinophrynus_dorsalis,1,Assemblage,Amphibians
14,incilius_melanochlorus,1,Assemblage,Amphibians
14,leptodactylus_savagei,1,Assemblage,Amphibians
14,oedipina_uniformis,1,Assemblage,Amphibians
14,duellmanohyla_uranochroa,1,Assemblage,Amphibians
14,smilisca_phaeota,1,Assemblage,Amphibians
14,leptodactylus_insularum,1,Assemblage,Amphibians
14,hyalinobatrachium_fleischmanni,1,Assemblage,Amphibians
14,triprion_spinosus,1,Assemblage,Amphibians
14,trachycephalus_vermiculatus,1,Assemblage,Amphibians
14,incilius_luetkenii,1,Assemblage,Amphibians
14,pristimantis_ridens,1,Assemblage,Amphibians
14,agalychnis_lemur,1,Assemblage,Amphibians
14,hyalinobatrachium_colymbiphyllum,1,Assemblage,Amphibians
14,craugastor_podiciferus,1,Assemblage,Amphibians
14,lithobates_warszewitschii,1,Assemblage,Amphibians
14,craugastor_fitzingeri,1,Assemblage,Amphibians
14,dendropsophus_microcephalus,1,Assemblage,Amphibians
14,diasporus_diastema,1,Assemblage,Amphibians
14,hyalinobatrachium_valerioi,1,Assemblage,Amphibians
14,craugastor_andi,1,Assemblage,Amphibians
14,atelopus_varius,1,Assemblage,Amphibians
14,isthmohyla_tica,1,Assemblage,Amphibians
14,ecnomiohyla_sukia,1,Assemblage,Amphibians
14,hypopachus_variolosus,1,Assemblage,Amphibians
14,bolitoglossa_subpalmata,1,Assemblage,Amphibians
14,ecnomiohyla_miliaria,1,Assemblage,Amphibians
14,lithobates_vaillanti,1,Assemblage,Amphibians
14,ctenophryne_aterrima,1,Assemblage,Amphibians
14,ecnomiohyla_fimbrimembra,1,Assemblage,Amphibians
14,lithobates_vibicarius,1,Assemblage,Amphibians
14,gymnopis_multiplicata,1,Assemblage,Amphibians
15,atelopus_senex,0,Assemblage,Amphibians
15,pristimantis_altae,1,Assemblage,Amphibians
15,bolitoglossa_obscura,1,Assemblage,Amphibians
15,incilius_holdridgei,1,Assemblage,Amphibians
15,incilius_coccifer,1,Assemblage,Amphibians
15,isthmohyla_zeteki,1,Assemblage,Amphibians
15,rhaebo_haematiticus,1,Assemblage,Amphibians
15,isthmohyla_angustilineata,1,Assemblage,Amphibians
15,incilius_chompipe,1,Assemblage,Amphibians
15,incilius_coniferus,1,Assemblage,Amphibians
15,bolitoglossa_robusta,1,Assemblage,Amphibians
15,oedipina_altura,1,Assemblage,Amphibians
15,incilius_melanochlorus,1,Assemblage,Amphibians
15,allobates_talamancae,1,Assemblage,Amphibians
15,lithobates_taylori,1,Assemblage,Amphibians
15,craugastor_escoces,1,Assemblage,Amphibians
15,bolitoglossa_diminuta,1,Assemblage,Amphibians
15,diasporus_diastema,1,Assemblage,Amphibians
15,bolitoglossa_tica,1,Assemblage,Amphibians
15,isthmohyla_picadoi,1,Assemblage,Amphibians
15,craugastor_noblei,1,Assemblage,Amphibians
15,cochranella_euknemos,1,Assemblage,Amphibians
15,ctenophryne_aterrima,1,Assemblage,Amphibians
15,sachatamia_albomaculata,1,Assemblage,Amphibians
15,duellmanohyla_rufioculis,1,Assemblage,Amphibians
15,smilisca_baudinii,1,Assemblage,Amphibians
15,bolitoglossa_colonnea,1,Assemblage,Amphibians
15,nototriton_tapanti,1,Assemblage,Amphibians
15,bolitoglossa_striatula,1,Assemblage,Amphibians
15,scinax_elaeochroa,1,Assemblage,Amphibians
15,craugastor_crassidigitus,1,Assemblage,Amphibians
15,smilisca_sordida,1,Assemblage,Amphibians
15,agalychnis_callidryas,1,Assemblage,Amphibians
15,nototriton_richardi,1,Assemblage,Amphibians
15,pristimantis_caryophyllaceus,1,Assemblage,Amphibians
15,cochranella_granulosa,1,Assemblage,Amphibians
15,craugastor_angelicus,1,Assemblage,Amphibians
15,isthmohyla_xanthosticta,1,Assemblage,Amphibians
15,craugastor_underwoodi,1,Assemblage,Amphibians
15,leptodactylus_insularum,1,Assemblage,Amphibians
15,bolitoglossa_nigrescens,1,Assemblage,Amphibians
15,triprion_spinosus,1,Assemblage,Amphibians
15,trachycephalus_vermiculatus,1,Assemblage,Amphibians
15,craugastor_fitzingeri,1,Assemblage,Amphibians
15,hyalinobatrachium_valerioi,1,Assemblage,Amphibians
15,craugastor_andi,1,Assemblage,Amphibians
15,bolitoglossa_gracilis,1,Assemblage,Amphibians
15,incilius_epioticus,1,Assemblage,Amphibians
15,gymnopis_multiplicata,1,Assemblage,Amphibians
15,isthmohyla_pseudopuma,1,Assemblage,Amphibians
15,nototriton_picadoi,1,Assemblage,Amphibians
15,pristimantis_cruentus,1,Assemblage,Amphibians
15,scinax_staufferi,1,Assemblage,Amphibians
15,agalychnis_annae,1,Assemblage,Amphibians
15,diasporus_hylaeformis,1,Assemblage,Amphibians
15,dermophis_costaricense,1,Assemblage,Amphibians
15,craugastor_persimilis,1,Assemblage,Amphibians
15,rhinella_horribilis,1,Assemblage,Amphibians
15,craugastor_melanostictus,1,Assemblage,Amphibians
15,duellmanohyla_uranochroa,1,Assemblage,Amphibians
15,pristimantis_cerasinus,1,Assemblage,Amphibians
15,pristimantis_ridens,1,Assemblage,Amphibians
15,nototriton_abscondens,1,Assemblage,Amphibians
15,hyalinobatrachium_colymbiphyllum,1,Assemblage,Amphibians
15,teratohyla_pulverata,1,Assemblage,Amphibians
15,nototriton_major,1,Assemblage,Amphibians
15,atelopus_varius,1,Assemblage,Amphibians
15,isthmohyla_tica,1,Assemblage,Amphibians
15,dermophis_occidentalis,1,Assemblage,Amphibians
15,oedipina_collaris,1,Assemblage,Amphibians
15,hyalinobatrachium_fleischmanni,1,Assemblage,Amphibians
15,ecnomiohyla_fimbrimembra,1,Assemblage,Amphibians
15,lithobates_vibicarius,1,Assemblage,Amphibians
15,isthmohyla_pictipes,1,Assemblage,Amphibians
15,isthmohyla_lancasteri,1,Assemblage,Amphibians
15,oedipina_poelzi,1,Assemblage,Amphibians
15,isthmohyla_debilis,1,Assemblage,Amphibians
15,isthmohyla_rivularis,1,Assemblage,Amphibians
15,craugastor_stejnegerianus,1,Assemblage,Amphibians
15,craugastor_fleischmanni,1,Assemblage,Amphibians
15,bolitoglossa_epimela,1,Assemblage,Amphibians
15,leptodactylus_melanonotus,1,Assemblage,Amphibians
15,craugastor_ranoides,1,Assemblage,Amphibians
15,espadarana_prosoblepon,1,Assemblage,Amphibians
15,leptodactylus_savagei,1,Assemblage,Amphibians
15,oedipina_uniformis,1,Assemblage,Amphibians
15,smilisca_phaeota,1,Assemblage,Amphibians
15,craugastor_podiciferus,1,Assemblage,Amphibians
15,agalychnis_lemur,1,Assemblage,Amphibians
15,scinax_boulengeri,1,Assemblage,Amphibians
15,craugastor_gollmeri,1,Assemblage,Amphibians
15,lithobates_warszewitschii,1,Assemblage,Amphibians
15,ecnomiohyla_sukia,1,Assemblage,Amphibians
15,hypopachus_variolosus,1,Assemblage,Amphibians
15,bolitoglossa_subpalmata,1,Assemblage,Amphibians
16,litoria_nyakalensis,0,Assemblage,Amphibians
16,austrochaperina_robusta,1,Assemblage,Amphibians
16,mixophyes_carbinensis,1,Assemblage,Amphibians
16,crinia_deserticola,1,Assemblage,Amphibians
16,cyclorana_brevipes,1,Assemblage,Amphibians
16,litoria_rheocola,1,Assemblage,Amphibians
16,papurana_daemeli,1,Assemblage,Amphibians
16,cophixalus_neglectus,1,Assemblage,Amphibians
16,litoria_nasuta,1,Assemblage,Amphibians
16,cophixalus_monticola,1,Assemblage,Amphibians
16,cophixalus_concinnus,1,Assemblage,Amphibians
16,crinia_remota,1,Assemblage,Amphibians
16,litoria_microbelos,1,Assemblage,Amphibians
16,litoria_fallax,1,Assemblage,Amphibians
16,mixophyes_coggeri,1,Assemblage,Amphibians
16,pseudophryne_covacevichae,1,Assemblage,Amphibians
16,litoria_xanthomera,1,Assemblage,Amphibians
16,litoria_latopalmata,1,Assemblage,Amphibians
16,limnodynastes_tasmaniensis,1,Assemblage,Amphibians
16,cophixalus_hosmeri,1,Assemblage,Amphibians
16,limnodynastes_convexiusculus,1,Assemblage,Amphibians
16,litoria_myola,1,Assemblage,Amphibians
16,cophixalus_australis,1,Assemblage,Amphibians
16,litoria_dayi,1,Assemblage,Amphibians
16,taudactylus_rheophilus,1,Assemblage,Amphibians
16,cophixalus_infacetus,1,Assemblage,Amphibians
16,litoria_wilcoxii,1,Assemblage,Amphibians
16,rhinella_marina,1,Assemblage,Amphibians
16,platyplectrum_ornatum,1,Assemblage,Amphibians
16,litoria_serrata,1,Assemblage,Amphibians
16,litoria_inermis,1,Assemblage,Amphibians
16,litoria_infrafrenata,1,Assemblage,Amphibians
16,limnodynastes_peronii,1,Assemblage,Amphibians
16,cyclorana_cryptotis,1,Assemblage,Amphibians
16,cyclorana_alboguttata,1,Assemblage,Amphibians
16,litoria_lorica,1,Assemblage,Amphibians
16,cophixalus_bombiens,1,Assemblage,Amphibians
16,uperoleia_altissima,1,Assemblage,Amphibians
16,austrochaperina_pluvialis,1,Assemblage,Amphibians
16,litoria_nannotis,1,Assemblage,Amphibians
16,litoria_pallida,1,Assemblage,Amphibians
16,uperoleia_mimula,1,Assemblage,Amphibians
16,litoria_bicolor,1,Assemblage,Amphibians
16,litoria_gracilenta,1,Assemblage,Amphibians
16,litoria_nigrofrenata,1,Assemblage,Amphibians
16,uperoleia_lithomoda,1,Assemblage,Amphibians
16,limnodynastes_terraereginae,1,Assemblage,Amphibians
16,cyclorana_novaehollandiae,1,Assemblage,Amphibians
16,litoria_rubella,1,Assemblage,Amphibians
16,austrochaperina_fryi,1,Assemblage,Amphibians
16,litoria_caerulea,1,Assemblage,Amphibians
16,cophixalus_aenigma,1,Assemblage,Amphibians
16,litoria_jungguy,1,Assemblage,Amphibians
16,litoria_rothii,1,Assemblage,Amphibians
16,mixophyes_schevilli,1,Assemblage,Amphibians
16,cophixalus_ornatus,1,Assemblage,Amphibians
17,pseudoeurycea_exspectata,0,Assemblage,Amphibians
17,lithobates_macroglossa,1,Assemblage,Amphibians
17,incilius_valliceps,1,Assemblage,Amphibians
17,lithobates_maculatus,1,Assemblage,Amphibians
17,plectrohyla_guatemalensis,1,Assemblage,Amphibians
17,trachycephalus_vermiculatus,1,Assemblage,Amphibians
17,incilius_ibarrai,1,Assemblage,Amphibians
17,leptodactylus_fragilis,1,Assemblage,Amphibians
17,plectrohyla_glandulosa,1,Assemblage,Amphibians
17,scinax_staufferi,1,Assemblage,Amphibians
18,taudactylus_acutirostris,0,Assemblage,Amphibians
18,austrochaperina_robusta,1,Assemblage,Amphibians
18,mixophyes_carbinensis,1,Assemblage,Amphibians
18,crinia_deserticola,1,Assemblage,Amphibians
18,cyclorana_brevipes,1,Assemblage,Amphibians
18,litoria_rheocola,1,Assemblage,Amphibians
18,papurana_daemeli,1,Assemblage,Amphibians
18,cophixalus_neglectus,1,Assemblage,Amphibians
18,litoria_nasuta,1,Assemblage,Amphibians
18,cophixalus_monticola,1,Assemblage,Amphibians
18,cophixalus_concinnus,1,Assemblage,Amphibians
18,crinia_remota,1,Assemblage,Amphibians
18,litoria_microbelos,1,Assemblage,Amphibians
18,litoria_fallax,1,Assemblage,Amphibians
18,mixophyes_coggeri,1,Assemblage,Amphibians
18,pseudophryne_covacevichae,1,Assemblage,Amphibians
18,litoria_xanthomera,1,Assemblage,Amphibians
18,litoria_latopalmata,1,Assemblage,Amphibians
18,limnodynastes_tasmaniensis,1,Assemblage,Amphibians
18,cophixalus_hosmeri,1,Assemblage,Amphibians
18,limnodynastes_convexiusculus,1,Assemblage,Amphibians
18,cophixalus_saxatilis,1,Assemblage,Amphibians
18,litoria_myola,1,Assemblage,Amphibians
18,cophixalus_australis,1,Assemblage,Amphibians
18,litoria_dayi,1,Assemblage,Amphibians
18,taudactylus_rheophilus,1,Assemblage,Amphibians
18,cophixalus_infacetus,1,Assemblage,Amphibians
18,litoria_wilcoxii,1,Assemblage,Amphibians
18,rhinella_marina,1,Assemblage,Amphibians
18,platyplectrum_ornatum,1,Assemblage,Amphibians
18,litoria_serrata,1,Assemblage,Amphibians
18,litoria_inermis,1,Assemblage,Amphibians
18,litoria_infrafrenata,1,Assemblage,Amphibians
18,limnodynastes_peronii,1,Assemblage,Amphibians
18,cyclorana_cryptotis,1,Assemblage,Amphibians
18,cyclorana_alboguttata,1,Assemblage,Amphibians
18,litoria_lorica,1,Assemblage,Amphibians
18,cophixalus_bombiens,1,Assemblage,Amphibians
18,uperoleia_altissima,1,Assemblage,Amphibians
18,austrochaperina_pluvialis,1,Assemblage,Amphibians
18,litoria_nannotis,1,Assemblage,Amphibians
18,litoria_pallida,1,Assemblage,Amphibians
18,uperoleia_mimula,1,Assemblage,Amphibians
18,cophixalus_exiguus,1,Assemblage,Amphibians
18,litoria_bicolor,1,Assemblage,Amphibians
18,litoria_gracilenta,1,Assemblage,Amphibians
18,litoria_nigrofrenata,1,Assemblage,Amphibians
18,uperoleia_lithomoda,1,Assemblage,Amphibians
18,limnodynastes_terraereginae,1,Assemblage,Amphibians
18,cyclorana_novaehollandiae,1,Assemblage,Amphibians
18,litoria_rubella,1,Assemblage,Amphibians
18,austrochaperina_fryi,1,Assemblage,Amphibians
18,litoria_caerulea,1,Assemblage,Amphibians
18,cophixalus_aenigma,1,Assemblage,Amphibians
18,litoria_jungguy,1,Assemblage,Amphibians
18,litoria_rothii,1,Assemblage,Amphibians
18,mixophyes_schevilli,1,Assemblage,Amphibians
18,cophixalus_ornatus,1,Assemblage,Amphibians
19,atelopus_vogli,0,Assemblage,Amphibians
19,leptodactylus_fuscus,1,Assemblage,Amphibians
19,rhinella_sternosignata,1,Assemblage,Amphibians
19,rhinella_beebei,1,Assemblage,Amphibians
19,scinax_ruber,1,Assemblage,Amphibians
19,leptodactylus_fragilis,1,Assemblage,Amphibians
19,pipa_parva,1,Assemblage,Amphibians
19,dendropsophus_luteoocellatus,1,Assemblage,Amphibians
19,pleurodema_brachyops,1,Assemblage,Amphibians
19,phyllomedusa_trinitatis,1,Assemblage,Amphibians
19,hyalinobatrachium_fragile,1,Assemblage,Amphibians
19,scinax_rostratus,1,Assemblage,Amphibians
19,engystomops_pustulosus,1,Assemblage,Amphibians
19,leptodactylus_poecilochilus,1,Assemblage,Amphibians
19,dendropsophus_minutus,1,Assemblage,Amphibians
19,rhinella_marina,1,Assemblage,Amphibians
19,vitreorana_antisthenesi,1,Assemblage,Amphibians
19,caecilia_tentaculata,1,Assemblage,Amphibians
19,elachistocleis_ovalis,1,Assemblage,Amphibians
19,elachistocleis_surinamensis,1,Assemblage,Amphibians
19,leptodactylus_insularum,1,Assemblage,Amphibians
19,lithobates_palmipes,1,Assemblage,Amphibians
19,eleutherodactylus_johnstonei,1,Assemblage,Amphibians
19,dendropsophus_minusculus,1,Assemblage,Amphibians
19,dendropsophus_microcephalus,1,Assemblage,Amphibians
19,atelopus_cruciger,1,Assemblage,Amphibians
19,boana_platanera,1,Assemblage,Amphibians
19,scarthyla_vigilans,1,Assemblage,Amphibians
19,trachycephalus_typhonius,1,Assemblage,Amphibians
19,flectonotus_pygmaeus,1,Assemblage,Amphibians
20,atelopus_chiriquiensis,0,Assemblage,Amphibians
20,leptodactylus_fragilis,1,Assemblage,Amphibians
20,isthmohyla_zeteki,1,Assemblage,Amphibians
20,rhaebo_haematiticus,1,Assemblage,Amphibians
20,hyalinobatrachium_tatayoi,1,Assemblage,Amphibians
20,incilius_coniferus,1,Assemblage,Amphibians
20,smilisca_sila,1,Assemblage,Amphibians
20,craugastor_zunigai,1,Assemblage,Amphibians
20,bolitoglossa_robusta,1,Assemblage,Amphibians
20,craugastor_rugosus,1,Assemblage,Amphibians
20,craugastor_monnichorum,1,Assemblage,Amphibians
20,oedipina_savagei,1,Assemblage,Amphibians
20,craugastor_obesus,1,Assemblage,Amphibians
20,diasporus_diastema,1,Assemblage,Amphibians
20,isthmohyla_picadoi,1,Assemblage,Amphibians
20,craugastor_noblei,1,Assemblage,Amphibians
20,pristimantis_pardalis,1,Assemblage,Amphibians
20,ecnomiohyla_miliaria,1,Assemblage,Amphibians
20,lithobates_pipiens,1,Assemblage,Amphibians
20,sachatamia_albomaculata,1,Assemblage,Amphibians
20,duellmanohyla_rufioculis,1,Assemblage,Amphibians
20,smilisca_baudinii,1,Assemblage,Amphibians
20,bolitoglossa_kamuk,1,Assemblage,Amphibians
20,scinax_elaeochroa,1,Assemblage,Amphibians
20,craugastor_crassidigitus,1,Assemblage,Amphibians
20,agalychnis_callidryas,1,Assemblage,Amphibians
20,bolitoglossa_lignicolor,1,Assemblage,Amphibians
20,pristimantis_caryophyllaceus,1,Assemblage,Amphibians
20,cochranella_granulosa,1,Assemblage,Amphibians
20,oedipina_grandis,1,Assemblage,Amphibians
20,craugastor_gulosus,1,Assemblage,Amphibians
20,craugastor_underwoodi,1,Assemblage,Amphibians
20,leptodactylus_insularum,1,Assemblage,Amphibians
20,bolitoglossa_nigrescens,1,Assemblage,Amphibians
20,triprion_spinosus,1,Assemblage,Amphibians
20,trachycephalus_vermiculatus,1,Assemblage,Amphibians
20,bolitoglossa_bramei,1,Assemblage,Amphibians
20,craugastor_fitzingeri,1,Assemblage,Amphibians
20,craugastor_blairi,1,Assemblage,Amphibians
20,pristimantis_museosus,1,Assemblage,Amphibians
20,craugastor_rayo,1,Assemblage,Amphibians
20,sachatamia_ilex,1,Assemblage,Amphibians
20,incilius_epioticus,1,Assemblage,Amphibians
20,gymnopis_multiplicata,1,Assemblage,Amphibians
20,bolitoglossa_pesrubra,1,Assemblage,Amphibians
20,bolitoglossa_marmorea,1,Assemblage,Amphibians
20,isthmohyla_pseudopuma,1,Assemblage,Amphibians
20,diasporus_ventrimaculatus,1,Assemblage,Amphibians
20,incilius_fastidiosus,1,Assemblage,Amphibians
20,bolitoglossa_gomezi,1,Assemblage,Amphibians
20,pristimantis_cruentus,1,Assemblage,Amphibians
20,bolitoglossa_compacta,1,Assemblage,Amphibians
20,isthmohyla_calypsa,1,Assemblage,Amphibians
20,bolitoglossa_aureogularis,1,Assemblage,Amphibians
20,bolitoglossa_magnifica,1,Assemblage,Amphibians
20,craugastor_gabbi,1,Assemblage,Amphibians
20,diasporus_hylaeformis,1,Assemblage,Amphibians
20,rhinella_horribilis,1,Assemblage,Amphibians
20,craugastor_melanostictus,1,Assemblage,Amphibians
20,duellmanohyla_uranochroa,1,Assemblage,Amphibians
20,bolitoglossa_splendida,1,Assemblage,Amphibians
20,pristimantis_cerasinus,1,Assemblage,Amphibians
20,pristimantis_ridens,1,Assemblage,Amphibians
20,hyalinobatrachium_colymbiphyllum,1,Assemblage,Amphibians
20,bolitoglossa_cerroensis,1,Assemblage,Amphibians
20,atelopus_varius,1,Assemblage,Amphibians
20,isthmohyla_tica,1,Assemblage,Amphibians
20,teratohyla_pulverata,1,Assemblage,Amphibians
20,hyalinobatrachium_fleischmanni,1,Assemblage,Amphibians
20,ecnomiohyla_fimbrimembra,1,Assemblage,Amphibians
20,lithobates_vibicarius,1,Assemblage,Amphibians
20,craugastor_catalinae,1,Assemblage,Amphibians
20,craugastor_phasma,1,Assemblage,Amphibians
20,dermophis_glandulosus,1,Assemblage,Amphibians
20,isthmohyla_pictipes,1,Assemblage,Amphibians
20,bolitoglossa_anthracina,1,Assemblage,Amphibians
20,bolitoglossa_sooyorum,1,Assemblage,Amphibians
20,silverstoneia_nubicola,1,Assemblage,Amphibians
20,isthmohyla_debilis,1,Assemblage,Amphibians
20,craugastor_aenigmaticus,1,Assemblage,Amphibians
20,isthmohyla_rivularis,1,Assemblage,Amphibians
20,engystomops_pustulosus,1,Assemblage,Amphibians
20,craugastor_stejnegerianus,1,Assemblage,Amphibians
20,leptodactylus_poecilochilus,1,Assemblage,Amphibians
20,bolitoglossa_minutula,1,Assemblage,Amphibians
20,dendropsophus_ebraccatus,1,Assemblage,Amphibians
20,diasporus_vocator,1,Assemblage,Amphibians
20,craugastor_rhyacobatrachus,1,Assemblage,Amphibians
20,leptodactylus_melanonotus,1,Assemblage,Amphibians
20,craugastor_ranoides,1,Assemblage,Amphibians
20,bolitoglossa_sombra,1,Assemblage,Amphibians
20,espadarana_prosoblepon,1,Assemblage,Amphibians
20,leptodactylus_savagei,1,Assemblage,Amphibians
20,oedipina_uniformis,1,Assemblage,Amphibians
20,smilisca_phaeota,1,Assemblage,Amphibians
20,dermophis_gracilior,1,Assemblage,Amphibians
20,craugastor_podiciferus,1,Assemblage,Amphibians
20,lithobates_warszewitschii,1,Assemblage,Amphibians
20,duellmanohyla_legleri,1,Assemblage,Amphibians
20,craugastor_emcelae,1,Assemblage,Amphibians
21,sus_bucculentus,0,Assemblage,Mammals
21,bos_javanicus,1,Assemblage,Mammals
21,rhinolophus_affinis,1,Assemblage,Mammals
21,pygathrix_nigripes,1,Assemblage,Mammals
21,hesperoptenus_blanfordi,1,Assemblage,Mammals
21,pipistrellus_javanicus,1,Assemblage,Mammals
21,arctogalidia_trivirgata,1,Assemblage,Mammals
21,crocidura_attenuata,1,Assemblage,Mammals
21,paradoxurus_hermaphroditus,1,Assemblage,Mammals
21,rattus_tanezumi,1,Assemblage,Mammals
21,petaurista_philippensis,1,Assemblage,Mammals
21,aonyx_cinereus,1,Assemblage,Mammals
21,menetes_berdmorei,1,Assemblage,Mammals
21,bos_gaurus,1,Assemblage,Mammals
21,crocidura_phanluongi,1,Assemblage,Mammals
21,rattus_nitidus,1,Assemblage,Mammals
21,berylmys_bowersii,1,Assemblage,Mammals
21,megaerops_niphanae,1,Assemblage,Mammals
21,coelops_frithii,1,Assemblage,Mammals
21,nomascus_siki,1,Assemblage,Mammals
21,tragulus_kanchil,1,Assemblage,Mammals
21,capricornis_sumatraensis,1,Assemblage,Mammals
21,hipposideros_cineraceus,1,Assemblage,Mammals
21,rhinolophus_luctus,1,Assemblage,Mammals
21,hipposideros_griffini,1,Assemblage,Mammals
21,cynopterus_brachyotis,1,Assemblage,Mammals
21,rousettus_amplexicaudatus,1,Assemblage,Mammals
21,rousettus_leschenaultii,1,Assemblage,Mammals
21,trachypithecus_crepusculus,1,Assemblage,Mammals
21,cuon_alpinus,1,Assemblage,Mammals
21,tylonycteris_pachypus,1,Assemblage,Mammals
21,kerivoula_picta,1,Assemblage,Mammals
21,niviventer_tenaster,1,Assemblage,Mammals
21,nomascus_gabriellae,1,Assemblage,Mammals
21,hylopetes_spadiceus,1,Assemblage,Mammals
21,petaurista_elegans,1,Assemblage,Mammals
21,chimarrogale_himalayica,1,Assemblage,Mammals
21,mus_cookii,1,Assemblage,Mammals
21,rhinolophus_microglobosus,1,Assemblage,Mammals
21,tamiops_maritimus,1,Assemblage,Mammals
21,hylopetes_alboniger,1,Assemblage,Mammals
21,phoniscus_jagorii,1,Assemblage,Mammals
21,rhinolophus_shameli,1,Assemblage,Mammals
21,kerivoula_titania,1,Assemblage,Mammals
21,martes_flavigula,1,Assemblage,Mammals
21,muntiacus_vaginalis,1,Assemblage,Mammals
21,tadarida_latouchei,1,Assemblage,Mammals
21,hipposideros_scutinares,1,Assemblage,Mammals
21,myotis_rosseti,1,Assemblage,Mammals
21,prionodon_pardicolor,1,Assemblage,Mammals
21,hylomys_suillus,1,Assemblage,Mammals
21,hipposideros_galeritus,1,Assemblage,Mammals
21,scotophilus_heathii,1,Assemblage,Mammals
21,miniopterus_pusillus,1,Assemblage,Mammals
21,rhinolophus_siamensis,1,Assemblage,Mammals
21,crocidura_fuliginosa,1,Assemblage,Mammals
21,rhinolophus_malayanus,1,Assemblage,Mammals
21,crocidura_indochinensis,1,Assemblage,Mammals
21,berylmys_berdmorei,1,Assemblage,Mammals
21,eonycteris_spelaea,1,Assemblage,Mammals
21,mustela_strigidorsa,1,Assemblage,Mammals
21,hystrix_brachyura,1,Assemblage,Mammals
21,paguma_larvata,1,Assemblage,Mammals
21,muntiacus_vuquangensis,1,Assemblage,Mammals
21,catopuma_temminckii,1,Assemblage,Mammals
21,hypsugo_dolichodon,1,Assemblage,Mammals
21,scotomanes_ornatus,1,Assemblage,Mammals
21,hesperoptenus_tickelli,1,Assemblage,Mammals
21,lyroderma_lyra,1,Assemblage,Mammals
21,vandeleuria_oleracea,1,Assemblage,Mammals
21,pipistrellus_paterculus,1,Assemblage,Mammals
21,urva_javanica,1,Assemblage,Mammals
21,hipposideros_armiger,1,Assemblage,Mammals
21,leopoldamys_edwardsi,1,Assemblage,Mammals
21,myotis_indochinensis,1,Assemblage,Mammals
21,macaca_leonina,1,Assemblage,Mammals
21,rhinolophus_pusillus,1,Assemblage,Mammals
21,bandicota_indica,1,Assemblage,Mammals
21,tylonycteris_robustula,1,Assemblage,Mammals
21,rhizomys_pruinosus,1,Assemblage,Mammals
21,niviventer_langbianis,1,Assemblage,Mammals
21,canis_aureus,1,Assemblage,Mammals
21,pipistrellus_coromandra,1,Assemblage,Mammals
21,mus_pahari,1,Assemblage,Mammals
21,macaca_fascicularis,1,Assemblage,Mammals
21,viverra_megaspila,1,Assemblage,Mammals
21,murina_annamitica,1,Assemblage,Mammals
21,suncus_murinus,1,Assemblage,Mammals
21,urva_urva,1,Assemblage,Mammals
21,melogale_moschata,1,Assemblage,Mammals
21,kerivoula_dongduongana,1,Assemblage,Mammals
21,euroscaptor_klossi,1,Assemblage,Mammals
21,manis_javanica,1,Assemblage,Mammals
21,rhinolophus_thomasi,1,Assemblage,Mammals
21,rhinolophus_paradoxolophus,1,Assemblage,Mammals
21,xanthonycticebus_pygmaeus,1,Assemblage,Mammals
21,myotis_siligorensis,1,Assemblage,Mammals
21,macaca_arctoides,1,Assemblage,Mammals
21,hypsugo_pulveratus,1,Assemblage,Mammals
21,myotis_muricola,1,Assemblage,Mammals
21,aselliscus_stoliczkanus,1,Assemblage,Mammals
21,pardofelis_marmorata,1,Assemblage,Mammals
21,murina_fionae,1,Assemblage,Mammals
21,prionailurus_bengalensis,1,Assemblage,Mammals
21,taphozous_theobaldi,1,Assemblage,Mammals
21,ratufa_bicolor,1,Assemblage,Mammals
21,myotis_chinensis,1,Assemblage,Mammals
21,tamiops_rodolphii,1,Assemblage,Mammals
21,miniopterus_magnater,1,Assemblage,Mammals
21,mus_caroli,1,Assemblage,Mammals
21,murina_feae,1,Assemblage,Mammals
21,dendrogale_murina,1,Assemblage,Mammals
21,macaca_mulatta,1,Assemblage,Mammals
21,arctictis_binturong,1,Assemblage,Mammals
21,dremomys_rufigenis,1,Assemblage,Mammals
21,leopoldamys_sabanus,1,Assemblage,Mammals
21,nycticebus_bengalensis,1,Assemblage,Mammals
21,hapalomys_delacouri,1,Assemblage,Mammals
21,bandicota_savilei,1,Assemblage,Mammals
21,arctonyx_collaris,1,Assemblage,Mammals
21,hipposideros_rotalis,1,Assemblage,Mammals
21,kerivoula_kachinensis,1,Assemblage,Mammals
21,manis_pentadactyla,1,Assemblage,Mammals
21,rattus_rattus,1,Assemblage,Mammals
21,pygathrix_nemaeus,1,Assemblage,Mammals
21,glischropus_bucephalus,1,Assemblage,Mammals
21,rattus_argentiventer,1,Assemblage,Mammals
21,hypsugo_cadornae,1,Assemblage,Mammals
21,megaderma_spasma,1,Assemblage,Mammals
21,melogale_personata,1,Assemblage,Mammals
21,callosciurus_inornatus,1,Assemblage,Mammals
21,leopoldamys_neilli,1,Assemblage,Mammals
21,lepus_peguensis,1,Assemblage,Mammals
21,panthera_tigris,1,Assemblage,Mammals
21,hipposideros_larvatus,1,Assemblage,Mammals
21,murina_aurata,1,Assemblage,Mammals
21,rhinolophus_marshalli,1,Assemblage,Mammals
21,rhizomys_sumatrensis,1,Assemblage,Mammals
21,muntiacus_rooseveltorum,1,Assemblage,Mammals
21,neofelis_nebulosa,1,Assemblage,Mammals
21,rhinolophus_acuminatus,1,Assemblage,Mammals
21,lutra_lutra,1,Assemblage,Mammals
21,viverra_zibetha,1,Assemblage,Mammals
21,rhinolophus_macrotis,1,Assemblage,Mammals
21,cynopterus_sphinx,1,Assemblage,Mammals
21,rhinolophus_pearsonii,1,Assemblage,Mammals
21,hylopetes_phayrei,1,Assemblage,Mammals
21,rattus_exulans,1,Assemblage,Mammals
21,crocidura_vorax,1,Assemblage,Mammals
21,lutrogale_perspicillata,1,Assemblage,Mammals
21,myotis_pilosus,1,Assemblage,Mammals
21,chiromyscus_chiropus,1,Assemblage,Mammals
21,viverricula_indica,1,Assemblage,Mammals
21,kerivoula_depressa,1,Assemblage,Mammals
21,mustela_kathiah,1,Assemblage,Mammals
21,pteropus_vampyrus,1,Assemblage,Mammals
21,callosciurus_erythraeus,1,Assemblage,Mammals
21,felis_chaus,1,Assemblage,Mammals
21,myotis_annectans,1,Assemblage,Mammals
21,sus_scrofa,1,Assemblage,Mammals
21,taphozous_melanopogon,1,Assemblage,Mammals
21,maxomys_surifer,1,Assemblage,Mammals
21,tupaia_belangeri,1,Assemblage,Mammals
21,macaca_assamensis,1,Assemblage,Mammals
21,ursus_thibetanus,1,Assemblage,Mammals
21,macroglossus_sobrinus,1,Assemblage,Mammals
21,hipposideros_diadema,1,Assemblage,Mammals
21,helarctos_malayanus,1,Assemblage,Mammals
21,rattus_andamanensis,1,Assemblage,Mammals
21,ia_io,1,Assemblage,Mammals
21,hipposideros_gentilis,1,Assemblage,Mammals
21,kerivoula_hardwickii,1,Assemblage,Mammals
21,panthera_pardus,1,Assemblage,Mammals
21,harpiocephalus_harpia,1,Assemblage,Mammals
21,scotophilus_kuhlii,1,Assemblage,Mammals
21,muntiacus_truongsonensis,1,Assemblage,Mammals
21,rusa_unicolor,1,Assemblage,Mammals
21,mus_musculus,1,Assemblage,Mammals
21,myotis_horsfieldii,1,Assemblage,Mammals
21,murina_cyclotis,1,Assemblage,Mammals
21,niviventer_fulvescens,1,Assemblage,Mammals
21,suncus_etruscus,1,Assemblage,Mammals
21,atherurus_macrourus,1,Assemblage,Mammals
22,dusicyon_avus,0,Assemblage,Mammals
22,conepatus_humboldtii,1,Assemblage,Mammals
22,didelphis_albiventris,1,Assemblage,Mammals
22,otaria_byronia,1,Assemblage,Mammals
22,abrothrix_longipilis,1,Assemblage,Mammals
22,oligoryzomys_delticola,1,Assemblage,Mammals
22,chelemys_macronyx,1,Assemblage,Mammals
22,lasiurus_ega,1,Assemblage,Mammals
22,holochilus_brasiliensis,1,Assemblage,Mammals
22,cavia_aperea,1,Assemblage,Mammals
22,chaetophractus_villosus,1,Assemblage,Mammals
22,loxodontomys_micropus,1,Assemblage,Mammals
22,oligoryzomys_magellanicus,1,Assemblage,Mammals
22,herpailurus_yagouaroundi,1,Assemblage,Mammals
22,balaenoptera_acutorostrata,1,Assemblage,Mammals
22,mesoplodon_densirostris,1,Assemblage,Mammals
22,caperea_marginata,1,Assemblage,Mammals
22,ctenomys_torquatus,1,Assemblage,Mammals
22,hyperoodon_planifrons,1,Assemblage,Mammals
22,ozotoceros_bezoarticus,1,Assemblage,Mammals
22,megaptera_novaeangliae,1,Assemblage,Mammals
22,ctenomys_haigi,1,Assemblage,Mammals
22,eligmodontia_typus,1,Assemblage,Mammals
22,platyrrhinus_lineatus,1,Assemblage,Mammals
22,globicephala_macrorhynchus,1,Assemblage,Mammals
22,lagenorhynchus_australis,1,Assemblage,Mammals
22,lagostomus_maximus,1,Assemblage,Mammals
22,octodon_bridgesi,1,Assemblage,Mammals
22,orcinus_orca,1,Assemblage,Mammals
22,chaetophractus_vellerosus,1,Assemblage,Mammals
22,leopardus_jacobita,1,Assemblage,Mammals
22,graomys_griseoflavus,1,Assemblage,Mammals
22,necromys_benefactus,1,Assemblage,Mammals
22,mesoplodon_layardii,1,Assemblage,Mammals
22,monodelphis_dimidiata,1,Assemblage,Mammals
22,dasypus_novemcinctus,1,Assemblage,Mammals
22,lagidium_viscacia,1,Assemblage,Mammals
22,kogia_breviceps,1,Assemblage,Mammals
22,tadarida_brasiliensis,1,Assemblage,Mammals
22,thylamys_pulchellus,1,Assemblage,Mammals
22,berardius_arnuxii,1,Assemblage,Mammals
22,ctenomys_azarae,1,Assemblage,Mammals
22,leopardus_geoffroyi,1,Assemblage,Mammals
22,sciurus_aestuans,1,Assemblage,Mammals
22,galea_leucoblephara,1,Assemblage,Mammals
22,ctenomys_pearsoni,1,Assemblage,Mammals
22,scapteromys_aquaticus,1,Assemblage,Mammals
22,noctilio_leporinus,1,Assemblage,Mammals
22,myotis_albescens,1,Assemblage,Mammals
22,leopardus_wiedii,1,Assemblage,Mammals
22,balaenoptera_physalus,1,Assemblage,Mammals
22,microcavia_australis,1,Assemblage,Mammals
22,akodon_reigi,1,Assemblage,Mammals
22,myotis_levis,1,Assemblage,Mammals
22,mirounga_leonina,1,Assemblage,Mammals
22,balaenoptera_edeni,1,Assemblage,Mammals
22,lagenodelphis_hosei,1,Assemblage,Mammals
22,akodon_iniscatus,1,Assemblage,Mammals
22,myocastor_coypus,1,Assemblage,Mammals
22,phyllotis_bonariensis,1,Assemblage,Mammals
22,delphinus_delphis,1,Assemblage,Mammals
22,nyctinomops_laticaudatus,1,Assemblage,Mammals
22,sturnira_lilium,1,Assemblage,Mammals
22,eumops_auripendulus,1,Assemblage,Mammals
22,stenella_frontalis,1,Assemblage,Mammals
22,cephalorhynchus_commersonii,1,Assemblage,Mammals
22,globicephala_melas,1,Assemblage,Mammals
22,ctenomys_yolandae,1,Assemblage,Mammals
22,lundomys_molitor,1,Assemblage,Mammals
22,oligoryzomys_nigripes,1,Assemblage,Mammals
22,dasyprocta_azarae,1,Assemblage,Mammals
22,phocoena_spinipinnis,1,Assemblage,Mammals
22,akodon_molinae,1,Assemblage,Mammals
22,ctenomys_australis,1,Assemblage,Mammals
22,ziphius_cavirostris,1,Assemblage,Mammals
22,lagenorhynchus_obscurus,1,Assemblage,Mammals
22,myrmecophaga_tridactyla,1,Assemblage,Mammals
22,pecari_tajacu,1,Assemblage,Mammals
22,balaenoptera_bonaerensis,1,Assemblage,Mammals
22,stenella_coeruleoalba,1,Assemblage,Mammals
22,lycalopex_culpaeus,1,Assemblage,Mammals
22,ctenomys_sociabilis,1,Assemblage,Mammals
22,dolichotis_patagonum,1,Assemblage,Mammals
22,calomys_venustus,1,Assemblage,Mammals
22,rattus_norvegicus,1,Assemblage,Mammals
22,ctenomys_emilianus,1,Assemblage,Mammals
22,brucepattersonius_iheringi,1,Assemblage,Mammals
22,euphractus_sexcinctus,1,Assemblage,Mammals
22,oligoryzomys_longicaudatus,1,Assemblage,Mammals
22,thylamys_pallidior,1,Assemblage,Mammals
22,pudu_puda,1,Assemblage,Mammals
22,neoeptesicus_diminutus,1,Assemblage,Mammals
22,chrysocyon_brachyurus,1,Assemblage,Mammals
22,lontra_longicaudis,1,Assemblage,Mammals
22,balaenoptera_borealis,1,Assemblage,Mammals
22,kogia_sima,1,Assemblage,Mammals
22,oligoryzomys_flavescens,1,Assemblage,Mammals
22,molossus_currentium,1,Assemblage,Mammals
22,zaedyus_pichiy,1,Assemblage,Mammals
22,hydrochoerus_hydrochaeris,1,Assemblage,Mammals
22,notiomys_edwardsii,1,Assemblage,Mammals
22,tamandua_tetradactyla,1,Assemblage,Mammals
22,molossus_rufus,1,Assemblage,Mammals
22,calomys_laucha,1,Assemblage,Mammals
22,necromys_obscurus,1,Assemblage,Mammals
22,eira_barbara,1,Assemblage,Mammals
22,neoeptesicus_furinalis,1,Assemblage,Mammals
22,ctenomys_osvaldoreigi,1,Assemblage,Mammals
22,lasiurus_cinereus,1,Assemblage,Mammals
22,myotis_riparius,1,Assemblage,Mammals
22,cryptonanus_chacoensis,1,Assemblage,Mammals
22,histiotus_alienus,1,Assemblage,Mammals
22,molossops_temminckii,1,Assemblage,Mammals
22,lontra_provocax,1,Assemblage,Mammals
22,galictis_cuja,1,Assemblage,Mammals
22,abrothrix_lanosus,1,Assemblage,Mammals
22,ctenomys_mendocinus,1,Assemblage,Mammals
22,cephalorhynchus_eutropia,1,Assemblage,Mammals
22,coendou_spinosus,1,Assemblage,Mammals
22,calomys_callidus,1,Assemblage,Mammals
22,leopardus_guigna,1,Assemblage,Mammals
22,cavia_magna,1,Assemblage,Mammals
22,ctenomys_flamarioni,1,Assemblage,Mammals
22,euneomys_petersoni,1,Assemblage,Mammals
22,procyon_cancrivorus,1,Assemblage,Mammals
22,euneomys_chinchilloides,1,Assemblage,Mammals
22,ctenomys_porteousi,1,Assemblage,Mammals
22,reithrodon_auritus,1,Assemblage,Mammals
22,oxymycterus_rufus,1,Assemblage,Mammals
22,arctocephalus_australis,1,Assemblage,Mammals
22,lycalopex_griseus,1,Assemblage,Mammals
22,mesoplodon_grayi,1,Assemblage,Mammals
22,hippocamelus_bisulcus,1,Assemblage,Mammals
22,chlamyphorus_truncatus,1,Assemblage,Mammals
22,lycalopex_gymnocercus,1,Assemblage,Mammals
22,ctenomys_pundti,1,Assemblage,Mammals
22,nasua_nasua,1,Assemblage,Mammals
22,wilfredomys_oenax,1,Assemblage,Mammals
22,ctenomys_coyhaiquensis,1,Assemblage,Mammals
22,calomys_musculinus,1,Assemblage,Mammals
22,myotis_ruber,1,Assemblage,Mammals
22,phyllomys_dasythrix,1,Assemblage,Mammals
22,abrothrix_sanborni,1,Assemblage,Mammals
22,geoxus_valdivianus,1,Assemblage,Mammals
22,lasiurus_salinae,1,Assemblage,Mammals
22,graomys_chacoensis,1,Assemblage,Mammals
22,phocoena_dioptrica,1,Assemblage,Mammals
22,akodon_polopi,1,Assemblage,Mammals
22,myotis_nigricans,1,Assemblage,Mammals
22,grampus_griseus,1,Assemblage,Mammals
22,histiotus_magellanicus,1,Assemblage,Mammals
22,holochilus_chacarius,1,Assemblage,Mammals
22,histiotus_macrotus,1,Assemblage,Mammals
22,thylamys_citellus,1,Assemblage,Mammals
22,abrothrix_olivaceus,1,Assemblage,Mammals
22,tympanoctomys_kirchnerorum,1,Assemblage,Mammals
22,desmodus_rotundus,1,Assemblage,Mammals
22,lasiurus_varius,1,Assemblage,Mammals
22,phyllotis_xanthopygus,1,Assemblage,Mammals
22,physeter_macrocephalus,1,Assemblage,Mammals
22,ctenomys_brasiliensis,1,Assemblage,Mammals
22,tayassu_pecari,1,Assemblage,Mammals
22,cabassous_tatouay,1,Assemblage,Mammals
22,scapteromys_tumidus,1,Assemblage,Mammals
22,steno_bredanensis,1,Assemblage,Mammals
22,lissodelphis_peronii,1,Assemblage,Mammals
22,conepatus_chinga,1,Assemblage,Mammals
22,myotis_dinellii,1,Assemblage,Mammals
22,tympanoctomys_barrerae,1,Assemblage,Mammals
22,pontoporia_blainvillei,1,Assemblage,Mammals
22,stenella_attenuata,1,Assemblage,Mammals
22,lutreolina_crassicaudata,1,Assemblage,Mammals
22,ctenomys_magellanicus,1,Assemblage,Mammals
22,lestodelphys_halli,1,Assemblage,Mammals
22,lama_guanicoe,1,Assemblage,Mammals
22,dasypus_hybridus,1,Assemblage,Mammals
22,alouatta_caraya,1,Assemblage,Mammals
22,oxymycterus_nasutus,1,Assemblage,Mammals
22,akodon_azarae,1,Assemblage,Mammals
22,balaenoptera_musculus,1,Assemblage,Mammals
22,leopardus_colocolo,1,Assemblage,Mammals
22,cerdocyon_thous,1,Assemblage,Mammals
22,molossus_molossus,1,Assemblage,Mammals
22,eumops_bonariensis,1,Assemblage,Mammals
22,ctenomys_colburni,1,Assemblage,Mammals
22,lasiurus_blossevillii,1,Assemblage,Mammals
22,eligmodontia_morgani,1,Assemblage,Mammals
22,ctenomys_fodax,1,Assemblage,Mammals
22,reithrodon_typicus,1,Assemblage,Mammals
22,puma_concolor,1,Assemblage,Mammals
22,chironectes_minimus,1,Assemblage,Mammals
22,lagenorhynchus_cruciger,1,Assemblage,Mammals
22,blastocerus_dichotomus,1,Assemblage,Mammals
22,tursiops_truncatus,1,Assemblage,Mammals
22,irenomys_tarsalis,1,Assemblage,Mammals
22,bibimys_torresi,1,Assemblage,Mammals
22,lyncodon_patagonicus,1,Assemblage,Mammals
22,pseudorca_crassidens,1,Assemblage,Mammals
22,eumops_patagonicus,1,Assemblage,Mammals
22,mazama_gouazoubira,1,Assemblage,Mammals
22,lepus_europaeus,1,Assemblage,Mammals
22,mesoplodon_eueu,1,Assemblage,Mammals
22,ctenomys_talarum,1,Assemblage,Mammals
22,eubalaena_australis,1,Assemblage,Mammals
22,pseudoryzomys_simplex,1,Assemblage,Mammals
22,castor_canadensis,1,Assemblage,Mammals
22,tolypeutes_matacus,1,Assemblage,Mammals
22,deltamys_kempi,1,Assemblage,Mammals
22,lagidium_wolffsohni,1,Assemblage,Mammals
22,mus_musculus,1,Assemblage,Mammals
22,tasmacetus_shepherdi,1,Assemblage,Mammals
22,ctenomys_sericeus,1,Assemblage,Mammals
22,thylamys_fenestrae,1,Assemblage,Mammals
22,oxymycterus_josei,1,Assemblage,Mammals
22,ctenomys_rionegrensis,1,Assemblage,Mammals
22,histiotus_montanus,1,Assemblage,Mammals
22,ctenomys_dorbignyi,1,Assemblage,Mammals
22,myotis_chiloensis,1,Assemblage,Mammals
22,akodon_dolores,1,Assemblage,Mammals
22,eumops_perotis,1,Assemblage,Mammals
23,juscelinomys_candango,0,Assemblage,Mammals
23,chiroderma_villosum,1,Assemblage,Mammals
23,didelphis_albiventris,1,Assemblage,Mammals
23,lasiurus_ega,1,Assemblage,Mammals
23,thylamys_velutinus,1,Assemblage,Mammals
23,cavia_aperea,1,Assemblage,Mammals
23,herpailurus_yagouaroundi,1,Assemblage,Mammals
23,monodelphis_americana,1,Assemblage,Mammals
23,glossophaga_soricina,1,Assemblage,Mammals
23,platyrrhinus_lineatus,1,Assemblage,Mammals
23,euryoryzomys_lamia,1,Assemblage,Mammals
23,gardnerycteris_crenulatum,1,Assemblage,Mammals
23,oxymycterus_roberti,1,Assemblage,Mammals
23,calomys_tener,1,Assemblage,Mammals
23,dasypus_novemcinctus,1,Assemblage,Mammals
23,macrophyllum_macrophyllum,1,Assemblage,Mammals
23,tadarida_brasiliensis,1,Assemblage,Mammals
23,sciurus_aestuans,1,Assemblage,Mammals
23,saccopteryx_bilineata,1,Assemblage,Mammals
23,sapajus_libidinosus,1,Assemblage,Mammals
23,uroderma_bilobatum,1,Assemblage,Mammals
23,noctilio_leporinus,1,Assemblage,Mammals
23,myotis_albescens,1,Assemblage,Mammals
23,potos_flavus,1,Assemblage,Mammals
23,proechimys_roberti,1,Assemblage,Mammals
23,oligoryzomys_fornesi,1,Assemblage,Mammals
23,leopardus_wiedii,1,Assemblage,Mammals
23,nyctinomops_aurispinosus,1,Assemblage,Mammals
23,cabassous_squamicaudis,1,Assemblage,Mammals
23,holochilus_sciureus,1,Assemblage,Mammals
23,gracilinanus_agilis,1,Assemblage,Mammals
23,nyctinomops_laticaudatus,1,Assemblage,Mammals
23,sturnira_lilium,1,Assemblage,Mammals
23,eumops_auripendulus,1,Assemblage,Mammals
23,cynomops_planirostris,1,Assemblage,Mammals
23,cryptonanus_agricolai,1,Assemblage,Mammals
23,saccopteryx_leptura,1,Assemblage,Mammals
23,thalpomys_lasiotis,1,Assemblage,Mammals
23,oligoryzomys_nigripes,1,Assemblage,Mammals
23,clyomys_laticeps,1,Assemblage,Mammals
23,myrmecophaga_tridactyla,1,Assemblage,Mammals
23,pecari_tajacu,1,Assemblage,Mammals
23,lonchorhina_aurita,1,Assemblage,Mammals
23,chiroderma_doriae,1,Assemblage,Mammals
23,phyllostomus_discolor,1,Assemblage,Mammals
23,necromys_lasiurus,1,Assemblage,Mammals
23,diaemus_youngii,1,Assemblage,Mammals
23,dasyprocta_leporina,1,Assemblage,Mammals
23,euphractus_sexcinctus,1,Assemblage,Mammals
23,carterodon_sulcidens,1,Assemblage,Mammals
23,chrotopterus_auritus,1,Assemblage,Mammals
23,chrysocyon_brachyurus,1,Assemblage,Mammals
23,lontra_longicaudis,1,Assemblage,Mammals
23,nyctinomops_macrotis,1,Assemblage,Mammals
23,hydrochoerus_hydrochaeris,1,Assemblage,Mammals
23,tamandua_tetradactyla,1,Assemblage,Mammals
23,leopardus_pardalis,1,Assemblage,Mammals
23,cuniculus_paca,1,Assemblage,Mammals
23,molossus_rufus,1,Assemblage,Mammals
23,micronycteris_megalotis,1,Assemblage,Mammals
23,eira_barbara,1,Assemblage,Mammals
23,priodontes_maximus,1,Assemblage,Mammals
23,neoeptesicus_furinalis,1,Assemblage,Mammals
23,lasiurus_cinereus,1,Assemblage,Mammals
23,myotis_riparius,1,Assemblage,Mammals
23,leopardus_tigrinus,1,Assemblage,Mammals
23,microakodontomys_transitorius,1,Assemblage,Mammals
23,molossops_temminckii,1,Assemblage,Mammals
23,galictis_cuja,1,Assemblage,Mammals
23,artibeus_lituratus,1,Assemblage,Mammals
23,mazama_americana,1,Assemblage,Mammals
23,monodelphis_kunsi,1,Assemblage,Mammals
23,calomys_callosus,1,Assemblage,Mammals
23,procyon_cancrivorus,1,Assemblage,Mammals
23,bradypus_variegatus,1,Assemblage,Mammals
23,monodelphis_domestica,1,Assemblage,Mammals
23,coendou_prehensilis,1,Assemblage,Mammals
23,oecomys_bicolor,1,Assemblage,Mammals
23,calomys_expulsus,1,Assemblage,Mammals
23,lycalopex_vetulus,1,Assemblage,Mammals
23,nasua_nasua,1,Assemblage,Mammals
23,promops_nasutus,1,Assemblage,Mammals
23,oecomys_catherinae,1,Assemblage,Mammals
23,furipterus_horrens,1,Assemblage,Mammals
23,oecomys_cleberi,1,Assemblage,Mammals
23,cerradomys_scotti,1,Assemblage,Mammals
23,myotis_nigricans,1,Assemblage,Mammals
23,tapirus_terrestris,1,Assemblage,Mammals
23,dermanura_cinerea,1,Assemblage,Mammals
23,peropteryx_macrotis,1,Assemblage,Mammals
23,desmodus_rotundus,1,Assemblage,Mammals
23,anoura_geoffroyi,1,Assemblage,Mammals
23,anoura_caudifer,1,Assemblage,Mammals
23,hylaeamys_megacephalus,1,Assemblage,Mammals
23,mimon_bennettii,1,Assemblage,Mammals
23,diphylla_ecaudata,1,Assemblage,Mammals
23,dermanura_gnoma,1,Assemblage,Mammals
23,thalpomys_cerradensis,1,Assemblage,Mammals
23,akodon_lindberghi,1,Assemblage,Mammals
23,marmosa_murina,1,Assemblage,Mammals
23,thylamys_karimii,1,Assemblage,Mammals
23,tayassu_pecari,1,Assemblage,Mammals
23,diclidurus_albus,1,Assemblage,Mammals
23,cabassous_tatouay,1,Assemblage,Mammals
23,micronycteris_minuta,1,Assemblage,Mammals
23,phyllostomus_elongatus,1,Assemblage,Mammals
23,phylloderma_stenops,1,Assemblage,Mammals
23,dasypus_septemcinctus,1,Assemblage,Mammals
23,sturnira_tildae,1,Assemblage,Mammals
23,histiotus_velatus,1,Assemblage,Mammals
23,alouatta_caraya,1,Assemblage,Mammals
23,cerdocyon_thous,1,Assemblage,Mammals
23,molossus_molossus,1,Assemblage,Mammals
23,phyllostomus_hastatus,1,Assemblage,Mammals
23,platyrrhinus_helleri,1,Assemblage,Mammals
23,proechimys_longicaudatus,1,Assemblage,Mammals
23,lasiurus_blossevillii,1,Assemblage,Mammals
23,noctilio_albiventris,1,Assemblage,Mammals
23,puma_concolor,1,Assemblage,Mammals
23,artibeus_obscurus,1,Assemblage,Mammals
23,chironectes_minimus,1,Assemblage,Mammals
23,rhynchonycteris_naso,1,Assemblage,Mammals
23,blastocerus_dichotomus,1,Assemblage,Mammals
23,chiroderma_trinitatum,1,Assemblage,Mammals
23,rhipidomys_macrurus,1,Assemblage,Mammals
23,mazama_gouazoubira,1,Assemblage,Mammals
23,pseudoryzomys_simplex,1,Assemblage,Mammals
23,trachops_cirrhosus,1,Assemblage,Mammals
23,neoeptesicus_brasiliensis,1,Assemblage,Mammals
23,eumops_glaucinus,1,Assemblage,Mammals
23,oligoryzomys_rupestris,1,Assemblage,Mammals
23,speothos_venaticus,1,Assemblage,Mammals
23,callithrix_penicillata,1,Assemblage,Mammals
23,eumops_perotis,1,Assemblage,Mammals
23,carollia_perspicillata,1,Assemblage,Mammals
23,oligoryzomys_eliurus,1,Assemblage,Mammals
24,leporillus_apicalis,0,Assemblage,Mammals
24,ozimops_lumsdenae,1,Assemblage,Mammals
24,lagorchestes_hirsutus,1,Assemblage,Mammals
24,antechinomys_laniger,1,Assemblage,Mammals
24,dasycercus_blythi,1,Assemblage,Mammals
24,ningaui_ridei,1,Assemblage,Mammals
24,pseudantechinus_macdonnellensis,1,Assemblage,Mammals
24,scotorepens_greyii,1,Assemblage,Mammals
24,osphranter_robustus,1,Assemblage,Mammals
24,notoryctes_typhlops,1,Assemblage,Mammals
24,sminthopsis_ooldea,1,Assemblage,Mammals
24,vulpes_vulpes,1,Assemblage,Mammals
24,notoryctes_caurinus,1,Assemblage,Mammals
24,petrogale_lateralis,1,Assemblage,Mammals
24,planigale_kendricki,1,Assemblage,Mammals
24,tachyglossus_aculeatus,1,Assemblage,Mammals
24,isoodon_auratus,1,Assemblage,Mammals
24,chalinolobus_morio,1,Assemblage,Mammals
24,ozimops_petersi,1,Assemblage,Mammals
24,pseudomys_gouldii,1,Assemblage,Mammals
24,macroderma_gigas,1,Assemblage,Mammals
24,pseudomys_desertor,1,Assemblage,Mammals
24,sminthopsis_hirtipes,1,Assemblage,Mammals
24,pseudomys_chapmani,1,Assemblage,Mammals
24,ozimops_planiceps,1,Assemblage,Mammals
24,sminthopsis_youngsoni,1,Assemblage,Mammals
24,trichosurus_vulpecula,1,Assemblage,Mammals
24,zyzomys_argurus,1,Assemblage,Mammals
24,dasykaluta_rosamondae,1,Assemblage,Mammals
24,rattus_villosissimus,1,Assemblage,Mammals
24,austronomus_australis,1,Assemblage,Mammals
24,taphozous_georgianus,1,Assemblage,Mammals
24,pseudantechinus_woolleyae,1,Assemblage,Mammals
24,pseudomys_bolami,1,Assemblage,Mammals
24,nyctophilus_major,1,Assemblage,Mammals
24,taphozous_hilli,1,Assemblage,Mammals
24,chalinolobus_gouldii,1,Assemblage,Mammals
24,osphranter_rufus,1,Assemblage,Mammals
24,pseudomys_hermannsburgensis,1,Assemblage,Mammals
24,saccolaimus_flaviventris,1,Assemblage,Mammals
24,vespadelus_finlaysoni,1,Assemblage,Mammals
24,vespadelus_baverstocki,1,Assemblage,Mammals
24,setirostris_eleryi,1,Assemblage,Mammals
24,antechinomys_longicaudatus,1,Assemblage,Mammals
24,notomys_mitchellii,1,Assemblage,Mammals
24,ningaui_timealeyi,1,Assemblage,Mammals
24,pseudantechinus_roryi,1,Assemblage,Mammals
24,mus_musculus,1,Assemblage,Mammals
24,macropus_fuliginosus,1,Assemblage,Mammals
24,sminthopsis_crassicaudata,1,Assemblage,Mammals
24,notomys_alexis,1,Assemblage,Mammals
24,scotorepens_balstoni,1,Assemblage,Mammals
24,macrotis_lagotis,1,Assemblage,Mammals
24,sminthopsis_macroura,1,Assemblage,Mammals
24,nyctophilus_geoffroyi,1,Assemblage,Mammals
24,leggadina_forresti,1,Assemblage,Mammals
25,elaphurus_davidianus,0,Assemblage,Mammals
25,hipposideros_pratti,1,Assemblage,Mammals
25,myotis_pequinius,1,Assemblage,Mammals
25,crocidura_attenuata,1,Assemblage,Mammals
25,myotis_fimbriatus,1,Assemblage,Mammals
25,rattus_tanezumi,1,Assemblage,Mammals
25,rattus_nitidus,1,Assemblage,Mammals
25,balaenoptera_acutorostrata,1,Assemblage,Mammals
25,lasiopodomys_mandarinus,1,Assemblage,Mammals
25,hypsugo_alaschanicus,1,Assemblage,Mammals
25,megaptera_novaeangliae,1,Assemblage,Mammals
25,globicephala_macrorhynchus,1,Assemblage,Mammals
25,orcinus_orca,1,Assemblage,Mammals
25,murina_leucogaster,1,Assemblage,Mammals
25,mustela_eversmanii,1,Assemblage,Mammals
25,lipotes_vexillifer,1,Assemblage,Mammals
25,kogia_breviceps,1,Assemblage,Mammals
25,chimarrogale_himalayica,1,Assemblage,Mammals
25,apodemus_agrarius,1,Assemblage,Mammals
25,cricetulus_barabensis,1,Assemblage,Mammals
25,balaenoptera_physalus,1,Assemblage,Mammals
25,myotis_davidii,1,Assemblage,Mammals
25,stenella_longirostris,1,Assemblage,Mammals
25,elaphodus_cephalophus,1,Assemblage,Mammals
25,delphinus_delphis,1,Assemblage,Mammals
25,crocidura_shantungensis,1,Assemblage,Mammals
25,ziphius_cavirostris,1,Assemblage,Mammals
25,hystrix_brachyura,1,Assemblage,Mammals
25,paguma_larvata,1,Assemblage,Mammals
25,catopuma_temminckii,1,Assemblage,Mammals
25,scotomanes_ornatus,1,Assemblage,Mammals
25,niviventer_confucianus,1,Assemblage,Mammals
25,rhinolophus_sinicus,1,Assemblage,Mammals
25,stenella_coeruleoalba,1,Assemblage,Mammals
25,tscherskia_triton,1,Assemblage,Mammals
25,arctonyx_albogularis,1,Assemblage,Mammals
25,spermophilus_dauricus,1,Assemblage,Mammals
25,balaenoptera_borealis,1,Assemblage,Mammals
25,kogia_sima,1,Assemblage,Mammals
25,erinaceus_amurensis,1,Assemblage,Mammals
25,muntiacus_reevesi,1,Assemblage,Mammals
25,lagenorhynchus_obliquidens,1,Assemblage,Mammals
25,urva_urva,1,Assemblage,Mammals
25,melogale_moschata,1,Assemblage,Mammals
25,crocidura_lasiura,1,Assemblage,Mammals
25,nyctereutes_procyonoides,1,Assemblage,Mammals
25,prionailurus_bengalensis,1,Assemblage,Mammals
25,myospalax_psilurus,1,Assemblage,Mammals
25,ondatra_zibethicus,1,Assemblage,Mammals
25,hydropotes_inermis,1,Assemblage,Mammals
25,macaca_mulatta,1,Assemblage,Mammals
25,nyctalus_plancyi,1,Assemblage,Mammals
25,eschrichtius_robustus,1,Assemblage,Mammals
25,rattus_rattus,1,Assemblage,Mammals
25,lepus_tolai,1,Assemblage,Mammals
25,panthera_tigris,1,Assemblage,Mammals
25,myotis_laniger,1,Assemblage,Mammals
25,eothenomys_melanogaster,1,Assemblage,Mammals
25,neofelis_nebulosa,1,Assemblage,Mammals
25,lutra_lutra,1,Assemblage,Mammals
25,mustela_sibirica,1,Assemblage,Mammals
25,viverra_zibetha,1,Assemblage,Mammals
25,sciurus_vulgaris,1,Assemblage,Mammals
25,physeter_macrocephalus,1,Assemblage,Mammals
25,steno_bredanensis,1,Assemblage,Mammals
25,stenella_attenuata,1,Assemblage,Mammals
25,cnephaeus_pachyomus,1,Assemblage,Mammals
25,vulpes_vulpes,1,Assemblage,Mammals
25,mesechinus_dauuricus,1,Assemblage,Mammals
25,micromys_minutus,1,Assemblage,Mammals
25,myotis_pilosus,1,Assemblage,Mammals
25,balaenoptera_musculus,1,Assemblage,Mammals
25,pipistrellus_abramus,1,Assemblage,Mammals
25,viverricula_indica,1,Assemblage,Mammals
25,callosciurus_erythraeus,1,Assemblage,Mammals
25,sus_scrofa,1,Assemblage,Mammals
25,vespertilio_sinensis,1,Assemblage,Mammals
25,neophocaena_asiaeorientalis,1,Assemblage,Mammals
25,scaptochirus_moschatus,1,Assemblage,Mammals
25,ursus_thibetanus,1,Assemblage,Mammals
25,meles_leucurus,1,Assemblage,Mammals
25,rhinolophus_ferrumequinum,1,Assemblage,Mammals
25,canis_lupus,1,Assemblage,Mammals
25,apodemus_peninsulae,1,Assemblage,Mammals
25,ia_io,1,Assemblage,Mammals
25,tursiops_truncatus,1,Assemblage,Mammals
25,pseudorca_crassidens,1,Assemblage,Mammals
25,panthera_pardus,1,Assemblage,Mammals
25,mus_musculus,1,Assemblage,Mammals
25,eutamias_sibiricus,1,Assemblage,Mammals
25,niviventer_fulvescens,1,Assemblage,Mammals
26,scelotes_guentheri,0,Assemblage,Reptiles
26,afroedura_pondolia,1,Assemblage,Reptiles
26,dasypeltis_scabra,1,Assemblage,Reptiles
26,chelonia_mydas,1,Assemblage,Reptiles
26,dendroaspis_polylepis,1,Assemblage,Reptiles
26,afrotyphlops_bibronii,1,Assemblage,Reptiles
26,chamaeleo_dilepis,1,Assemblage,Reptiles
26,dermochelys_coriacea,1,Assemblage,Reptiles
26,lycodonomorphus_inornatus,1,Assemblage,Reptiles
26,leptotyphlops_conjunctus,1,Assemblage,Reptiles
26,psammophis_brevirostris,1,Assemblage,Reptiles
26,scelotes_inornatus,1,Assemblage,Reptiles
26,chamaesaura_macrolepis,1,Assemblage,Reptiles
26,causus_defilippii,1,Assemblage,Reptiles
26,scelotes_mossambicus,1,Assemblage,Reptiles
26,duberria_lutrix,1,Assemblage,Reptiles
26,bradypodion_melanocephalum,1,Assemblage,Reptiles
26,hydrophis_platurus,1,Assemblage,Reptiles
26,thelotornis_capensis,1,Assemblage,Reptiles
26,dispholidus_typus,1,Assemblage,Reptiles
26,boaedon_capensis,1,Assemblage,Reptiles
26,lycodonomorphus_rufulus,1,Assemblage,Reptiles
26,lamprophis_aurora,1,Assemblage,Reptiles
26,psammophylax_rhombeatus,1,Assemblage,Reptiles
26,varanus_niloticus,1,Assemblage,Reptiles
26,tetradactylus_africanus,1,Assemblage,Reptiles
26,causus_rhombeatus,1,Assemblage,Reptiles
26,trachylepis_varia,1,Assemblage,Reptiles
26,eretmochelys_imbricata,1,Assemblage,Reptiles
26,pelomedusa_galeata,1,Assemblage,Reptiles
26,indotyphlops_braminus,1,Assemblage,Reptiles
26,varanus_albigularis,1,Assemblage,Reptiles
26,philothamnus_semivariegatus,1,Assemblage,Reptiles
26,lycophidion_capense,1,Assemblage,Reptiles
26,gerrhosaurus_flavigularis,1,Assemblage,Reptiles
26,dendroaspis_angusticeps,1,Assemblage,Reptiles
26,pseudaspis_cana,1,Assemblage,Reptiles
26,panaspis_wahlbergii,1,Assemblage,Reptiles
26,amblyodipsas_concolor,1,Assemblage,Reptiles
26,lycodonomorphus_laevissimus,1,Assemblage,Reptiles
26,dasypeltis_inornata,1,Assemblage,Reptiles
26,elapsoidea_sundevallii,1,Assemblage,Reptiles
26,amblyodipsas_polylepis,1,Assemblage,Reptiles
26,naja_mossambica,1,Assemblage,Reptiles
26,limaformosa_capensis,1,Assemblage,Reptiles
26,chamaesaura_anguina,1,Assemblage,Reptiles
26,macrelaps_microlepidotus,1,Assemblage,Reptiles
26,acontias_plumbeus,1,Assemblage,Reptiles
26,python_natalensis,1,Assemblage,Reptiles
26,philothamnus_hoplogaster,1,Assemblage,Reptiles
26,hemidactylus_mabouia,1,Assemblage,Reptiles
26,philothamnus_natalensis,1,Assemblage,Reptiles
26,philothamnus_occidentalis,1,Assemblage,Reptiles
26,caretta_caretta,1,Assemblage,Reptiles
26,psammophis_mossambicus,1,Assemblage,Reptiles
26,aparallactus_capensis,1,Assemblage,Reptiles
26,agama_aculeata,1,Assemblage,Reptiles
26,bitis_arietans,1,Assemblage,Reptiles
26,trachylepis_capensis,1,Assemblage,Reptiles
26,crotaphopeltis_hotamboeia,1,Assemblage,Reptiles
26,leptotyphlops_scutifrons,1,Assemblage,Reptiles
26,gracililima_nyassae,1,Assemblage,Reptiles
26,lygodactylus_capensis,1,Assemblage,Reptiles
26,atractaspis_bibronii,1,Assemblage,Reptiles
27,tetradactylus_eastwoodae,0,Assemblage,Reptiles
27,dasypeltis_scabra,1,Assemblage,Reptiles
27,afrotyphlops_bibronii,1,Assemblage,Reptiles
27,rhinotyphlops_lalandei,1,Assemblage,Reptiles
27,trachylepis_margaritifer,1,Assemblage,Reptiles
27,psammophis_brevirostris,1,Assemblage,Reptiles
27,smaug_depressus,1,Assemblage,Reptiles
27,duberria_lutrix,1,Assemblage,Reptiles
27,boaedon_capensis,1,Assemblage,Reptiles
27,lycodonomorphus_rufulus,1,Assemblage,Reptiles
27,afroedura_multiporis,1,Assemblage,Reptiles
27,platysaurus_intermedius,1,Assemblage,Reptiles
27,varanus_albigularis,1,Assemblage,Reptiles
27,lycophidion_capense,1,Assemblage,Reptiles
27,nucras_intertexta,1,Assemblage,Reptiles
27,inyoka_swazicus,1,Assemblage,Reptiles
27,elapsoidea_sundevallii,1,Assemblage,Reptiles
27,amblyodipsas_polylepis,1,Assemblage,Reptiles
27,naja_mossambica,1,Assemblage,Reptiles
27,acontias_cregoi,1,Assemblage,Reptiles
27,naja_annulifera,1,Assemblage,Reptiles
27,lycophidion_variegatum,1,Assemblage,Reptiles
27,python_natalensis,1,Assemblage,Reptiles
27,philothamnus_hoplogaster,1,Assemblage,Reptiles
27,ichnotropis_capensis,1,Assemblage,Reptiles
27,nucras_holubi,1,Assemblage,Reptiles
27,philothamnus_natalensis,1,Assemblage,Reptiles
27,agama_aculeata,1,Assemblage,Reptiles
27,crotaphopeltis_hotamboeia,1,Assemblage,Reptiles
27,trachylepis_punctatissima,1,Assemblage,Reptiles
27,leptotyphlops_scutifrons,1,Assemblage,Reptiles
27,lygodactylus_capensis,1,Assemblage,Reptiles
27,dendroaspis_polylepis,1,Assemblage,Reptiles
27,chondrodactylus_turneri,1,Assemblage,Reptiles
27,pachydactylus_vansoni,1,Assemblage,Reptiles
27,dispholidus_typus,1,Assemblage,Reptiles
27,lamprophis_aurora,1,Assemblage,Reptiles
27,agama_atra,1,Assemblage,Reptiles
27,lygodactylus_methueni,1,Assemblage,Reptiles
27,natriciteres_olivacea,1,Assemblage,Reptiles
27,pedioplanis_lineoocellata,1,Assemblage,Reptiles
27,pseudocordylus_transvaalensis,1,Assemblage,Reptiles
27,meroles_squamulosus,1,Assemblage,Reptiles
27,nucras_lalandii,1,Assemblage,Reptiles
27,matobosaurus_validus,1,Assemblage,Reptiles
27,psammophis_crucifer,1,Assemblage,Reptiles
27,lygodactylus_nigropunctatus,1,Assemblage,Reptiles
27,heliobolus_lugubris,1,Assemblage,Reptiles
27,dasypeltis_inornata,1,Assemblage,Reptiles
27,afrotyphlops_schlegelii,1,Assemblage,Reptiles
27,nucras_ornata,1,Assemblage,Reptiles
27,telescopus_semiannulatus,1,Assemblage,Reptiles
27,hemidactylus_mabouia,1,Assemblage,Reptiles
27,acontias_rieppeli,1,Assemblage,Reptiles
27,homopholis_wahlbergii,1,Assemblage,Reptiles
27,cordylus_vittifer,1,Assemblage,Reptiles
27,gracililima_nyassae,1,Assemblage,Reptiles
27,psammophis_subtaeniatus,1,Assemblage,Reptiles
27,pachydactylus_punctatus,1,Assemblage,Reptiles
27,scelotes_mirus,1,Assemblage,Reptiles
27,lycodonomorphus_inornatus,1,Assemblage,Reptiles
27,myriopholis_longicauda,1,Assemblage,Reptiles
27,trachylepis_damarana,1,Assemblage,Reptiles
27,cordylus_jonesii,1,Assemblage,Reptiles
27,thelotornis_capensis,1,Assemblage,Reptiles
27,stigmochelys_pardalis,1,Assemblage,Reptiles
27,afrotyphlops_dinga,1,Assemblage,Reptiles
27,acontias_occidentalis,1,Assemblage,Reptiles
27,psammophylax_rhombeatus,1,Assemblage,Reptiles
27,prosymna_sundevalli,1,Assemblage,Reptiles
27,kinixys_lobatsiana,1,Assemblage,Reptiles
27,varanus_niloticus,1,Assemblage,Reptiles
27,indotyphlops_braminus,1,Assemblage,Reptiles
27,philothamnus_semivariegatus,1,Assemblage,Reptiles
27,gerrhosaurus_flavigularis,1,Assemblage,Reptiles
27,pseudaspis_cana,1,Assemblage,Reptiles
27,bradypodion_transvaalense,1,Assemblage,Reptiles
27,smaug_vandami,1,Assemblage,Reptiles
27,panaspis_wahlbergii,1,Assemblage,Reptiles
27,amblyodipsas_concolor,1,Assemblage,Reptiles
27,lycodonomorphus_laevissimus,1,Assemblage,Reptiles
27,psammophylax_tritaeniatus,1,Assemblage,Reptiles
27,pachydactylus_capensis,1,Assemblage,Reptiles
27,trachylepis_punctulata,1,Assemblage,Reptiles
27,philothamnus_occidentalis,1,Assemblage,Reptiles
27,psammophis_mossambicus,1,Assemblage,Reptiles
27,acanthocercus_atricollis,1,Assemblage,Reptiles
27,bitis_arietans,1,Assemblage,Reptiles
27,trachylepis_homalocephala,1,Assemblage,Reptiles
27,aparallactus_capensis,1,Assemblage,Reptiles
27,atractaspis_bibronii,1,Assemblage,Reptiles
27,zygaspis_quadrifrons,1,Assemblage,Reptiles
27,chamaeleo_dilepis,1,Assemblage,Reptiles
27,mochlus_sundevallii,1,Assemblage,Reptiles
27,causus_defilippii,1,Assemblage,Reptiles
27,bitis_atropos,1,Assemblage,Reptiles
27,leptotyphlops_incognitus,1,Assemblage,Reptiles
27,psammophis_jallae,1,Assemblage,Reptiles
27,monopeltis_infuscata,1,Assemblage,Reptiles
27,pachydactylus_affinis,1,Assemblage,Reptiles
27,causus_rhombeatus,1,Assemblage,Reptiles
27,limaformosa_capensis,1,Assemblage,Reptiles
27,trachylepis_varia,1,Assemblage,Reptiles
27,prosymna_bivittata,1,Assemblage,Reptiles
27,chamaesaura_anguina,1,Assemblage,Reptiles
27,lamprophis_guttatus,1,Assemblage,Reptiles
27,psammophis_angolensis,1,Assemblage,Reptiles
27,psammophis_leightoni,1,Assemblage,Reptiles
27,trachylepis_capensis,1,Assemblage,Reptiles
27,aspidelaps_scutatus,1,Assemblage,Reptiles
28,contomastix_charrua,0,Assemblage,Reptiles
28,chelonia_mydas,1,Assemblage,Reptiles
28,erythrolamprus_semiaureus,1,Assemblage,Reptiles
28,urostrophus_undulatus,1,Assemblage,Reptiles
28,teius_oculatus,1,Assemblage,Reptiles
28,contomastix_lacertoides,1,Assemblage,Reptiles
28,philodryas_agassizii,1,Assemblage,Reptiles
28,ophiodes_vertebralis,1,Assemblage,Reptiles
28,bothrops_alternatus,1,Assemblage,Reptiles
28,cercosaura_schreibersii,1,Assemblage,Reptiles
28,amphisbaena_munoai,1,Assemblage,Reptiles
28,liolaemus_wiegmannii,1,Assemblage,Reptiles
28,eretmochelys_imbricata,1,Assemblage,Reptiles
28,philodryas_aestiva,1,Assemblage,Reptiles
28,boiruna_maculata,1,Assemblage,Reptiles
28,erythrolamprus_jaegeri,1,Assemblage,Reptiles
28,lepidochelys_olivacea,1,Assemblage,Reptiles
28,paraphimophis_rusticus,1,Assemblage,Reptiles
28,caiman_latirostris,1,Assemblage,Reptiles
28,dibernardia_poecilopogon,1,Assemblage,Reptiles
28,psomophis_obtusus,1,Assemblage,Reptiles
28,oxyrhopus_rhombifer,1,Assemblage,Reptiles
28,tachymenis_ocellata,1,Assemblage,Reptiles
28,hemidactylus_mabouia,1,Assemblage,Reptiles
28,epictia_munoai,1,Assemblage,Reptiles
28,micrurus_altirostris,1,Assemblage,Reptiles
28,calamodontophis_paucidens,1,Assemblage,Reptiles
28,ophiodes_striatus,1,Assemblage,Reptiles
28,bothrops_pubescens,1,Assemblage,Reptiles
28,caretta_caretta,1,Assemblage,Reptiles
28,amphisbaena_kingii,1,Assemblage,Reptiles
28,erythrolamprus_poecilogyrus,1,Assemblage,Reptiles
28,xenodon_dorbignyi,1,Assemblage,Reptiles
28,amphisbaena_darwinii,1,Assemblage,Reptiles
28,dermochelys_coriacea,1,Assemblage,Reptiles
28,lygophis_anomalus,1,Assemblage,Reptiles
